host,variant,function,dim,a12,cliff_delta,magnitude
PSO,SHAP-CF,1,10,0.497222222222,-0.005555555556,negligible
PSO,SHAP-CF,2,10,0.518888888889,0.037777777778,negligible
PSO,SHAP-CF,3,10,0.508333333333,0.016666666667,negligible
PSO,SHAP-CF,4,10,0.528333333333,0.056666666667,negligible
PSO,SHAP-CF,5,10,0.506111111111,0.012222222222,negligible
PSO,SHAP-CF,6,10,0.495555555556,-0.008888888889,negligible
PSO,SHAP-CF,7,10,0.442222222222,-0.115555555556,negligible
PSO,SHAP-CF,8,10,0.510000000000,0.020000000000,negligible
PSO,SHAP-CF,9,10,0.520555555556,0.041111111111,negligible
PSO,SHAP-CF,10,10,0.501666666667,0.003333333333,negligible
PSO,SHAP-CF,11,10,0.538888888889,0.077777777778,negligible
PSO,SHAP-CF,12,10,0.616111111111,0.232222222222,small
PSO,SHAP-CF,1,20,0.500000000000,0.000000000000,negligible
PSO,SHAP-CF,2,20,0.538333333333,0.076666666667,negligible
PSO,SHAP-CF,3,20,0.511111111111,0.022222222222,negligible
PSO,SHAP-CF,4,20,0.501666666667,0.003333333333,negligible
PSO,SHAP-CF,5,20,0.490555555556,-0.018888888889,negligible
PSO,SHAP-CF,6,20,0.501111111111,0.002222222222,negligible
PSO,SHAP-CF,7,20,0.488888888889,-0.022222222222,negligible
PSO,SHAP-CF,8,20,0.486666666667,-0.026666666667,negligible
PSO,SHAP-CF,9,20,0.520000000000,0.040000000000,negligible
PSO,SHAP-CF,10,20,0.497222222222,-0.005555555556,negligible
PSO,SHAP-CF,11,20,0.516111111111,0.032222222222,negligible
PSO,SHAP-CF,12,20,0.528333333333,0.056666666667,negligible
PSO,LIME-CF,1,10,0.503888888889,0.007777777778,negligible
PSO,LIME-CF,2,10,0.527222222222,0.054444444444,negligible
PSO,LIME-CF,3,10,0.516111111111,0.032222222222,negligible
PSO,LIME-CF,4,10,0.486111111111,-0.027777777778,negligible
PSO,LIME-CF,5,10,0.505000000000,0.010000000000,negligible
PSO,LIME-CF,6,10,0.494444444444,-0.011111111111,negligible
PSO,LIME-CF,7,10,0.478888888889,-0.042222222222,negligible
PSO,LIME-CF,8,10,0.454444444444,-0.091111111111,negligible
PSO,LIME-CF,9,10,0.518888888889,0.037777777778,negligible
PSO,LIME-CF,10,10,0.485555555556,-0.028888888889,negligible
PSO,LIME-CF,11,10,0.491111111111,-0.017777777778,negligible
PSO,LIME-CF,12,10,0.627777777778,0.255555555556,small
PSO,LIME-CF,1,20,0.500000000000,0.000000000000,negligible
PSO,LIME-CF,2,20,0.475000000000,-0.050000000000,negligible
PSO,LIME-CF,3,20,0.539444444444,0.078888888889,negligible
PSO,LIME-CF,4,20,0.524444444444,0.048888888889,negligible
PSO,LIME-CF,5,20,0.495000000000,-0.010000000000,negligible
PSO,LIME-CF,6,20,0.506666666667,0.013333333333,negligible
PSO,LIME-CF,7,20,0.502222222222,0.004444444444,negligible
PSO,LIME-CF,8,20,0.492222222222,-0.015555555556,negligible
PSO,LIME-CF,9,20,0.513888888889,0.027777777778,negligible
PSO,LIME-CF,10,20,0.507777777778,0.015555555556,negligible
PSO,LIME-CF,11,20,0.529444444444,0.058888888889,negligible
PSO,LIME-CF,12,20,0.533333333333,0.066666666667,negligible
PSO,ACME-CF,1,10,0.508333333333,0.016666666667,negligible
PSO,ACME-CF,2,10,0.523888888889,0.047777777778,negligible
PSO,ACME-CF,3,10,0.521666666667,0.043333333333,negligible
PSO,ACME-CF,4,10,0.498888888889,-0.002222222222,negligible
PSO,ACME-CF,5,10,0.531666666667,0.063333333333,negligible
PSO,ACME-CF,6,10,0.494444444444,-0.011111111111,negligible
PSO,ACME-CF,7,10,0.481666666667,-0.036666666667,negligible
PSO,ACME-CF,8,10,0.467777777778,-0.064444444444,negligible
PSO,ACME-CF,9,10,0.533333333333,0.066666666667,negligible
PSO,ACME-CF,10,10,0.480000000000,-0.040000000000,negligible
PSO,ACME-CF,11,10,0.492222222222,-0.015555555556,negligible
PSO,ACME-CF,12,10,0.651666666667,0.303333333333,small
PSO,ACME-CF,1,20,0.500000000000,0.000000000000,negligible
PSO,ACME-CF,2,20,0.505000000000,0.010000000000,negligible
PSO,ACME-CF,3,20,0.581111111111,0.162222222222,small
PSO,ACME-CF,4,20,0.497222222222,-0.005555555556,negligible
PSO,ACME-CF,5,20,0.492777777778,-0.014444444444,negligible
PSO,ACME-CF,6,20,0.508888888889,0.017777777778,negligible
PSO,ACME-CF,7,20,0.486666666667,-0.026666666667,negligible
PSO,ACME-CF,8,20,0.475555555556,-0.048888888889,negligible
PSO,ACME-CF,9,20,0.522777777778,0.045555555556,negligible
PSO,ACME-CF,10,20,0.502777777778,0.005555555556,negligible
PSO,ACME-CF,11,20,0.537777777778,0.075555555556,negligible
PSO,ACME-CF,12,20,0.527222222222,0.054444444444,negligible
PSO,IBREAKDOWN-CF,1,10,0.496111111111,-0.007777777778,negligible
PSO,IBREAKDOWN-CF,2,10,0.521666666667,0.043333333333,negligible
PSO,IBREAKDOWN-CF,3,10,0.550555555556,0.101111111111,negligible
PSO,IBREAKDOWN-CF,4,10,0.467222222222,-0.065555555556,negligible
PSO,IBREAKDOWN-CF,5,10,0.515555555556,0.031111111111,negligible
PSO,IBREAKDOWN-CF,6,10,0.493333333333,-0.013333333333,negligible
PSO,IBREAKDOWN-CF,7,10,0.512222222222,0.024444444444,negligible
PSO,IBREAKDOWN-CF,8,10,0.487777777778,-0.024444444444,negligible
PSO,IBREAKDOWN-CF,9,10,0.501666666667,0.003333333333,negligible
PSO,IBREAKDOWN-CF,10,10,0.503333333333,0.006666666667,negligible
PSO,IBREAKDOWN-CF,11,10,0.531111111111,0.062222222222,negligible
PSO,IBREAKDOWN-CF,12,10,0.601111111111,0.202222222222,small
PSO,IBREAKDOWN-CF,1,20,0.500000000000,0.000000000000,negligible
PSO,IBREAKDOWN-CF,2,20,0.471666666667,-0.056666666667,negligible
PSO,IBREAKDOWN-CF,3,20,0.528333333333,0.056666666667,negligible
PSO,IBREAKDOWN-CF,4,20,0.501666666667,0.003333333333,negligible
PSO,IBREAKDOWN-CF,5,20,0.493888888889,-0.012222222222,negligible
PSO,IBREAKDOWN-CF,6,20,0.511111111111,0.022222222222,negligible
PSO,IBREAKDOWN-CF,7,20,0.486666666667,-0.026666666667,negligible
PSO,IBREAKDOWN-CF,8,20,0.462222222222,-0.075555555556,negligible
PSO,IBREAKDOWN-CF,9,20,0.506666666667,0.013333333333,negligible
PSO,IBREAKDOWN-CF,10,20,0.498888888889,-0.002222222222,negligible
PSO,IBREAKDOWN-CF,11,20,0.516111111111,0.032222222222,negligible
PSO,IBREAKDOWN-CF,12,20,0.512222222222,0.024444444444,negligible
BA,SHAP-CF,1,10,0.774444444444,0.548888888889,large
BA,SHAP-CF,2,10,0.507777777778,0.015555555556,negligible
BA,SHAP-CF,3,10,0.756666666667,0.513333333333,large
BA,SHAP-CF,4,10,0.448333333333,-0.103333333333,negligible
BA,SHAP-CF,5,10,0.506666666667,0.013333333333,negligible
BA,SHAP-CF,6,10,0.505000000000,0.010000000000,negligible
BA,SHAP-CF,7,10,0.403333333333,-0.193333333333,small
BA,SHAP-CF,8,10,0.300555555556,-0.398888888889,medium
BA,SHAP-CF,9,10,0.548888888889,0.097777777778,negligible
BA,SHAP-CF,10,10,0.528888888889,0.057777777778,negligible
BA,SHAP-CF,11,10,0.694444444444,0.388888888889,medium
BA,SHAP-CF,12,10,0.485555555556,-0.028888888889,negligible
BA,SHAP-CF,1,20,0.823333333333,0.646666666667,large
BA,SHAP-CF,2,20,0.649444444444,0.298888888889,small
BA,SHAP-CF,3,20,0.887777777778,0.775555555556,large
BA,SHAP-CF,4,20,0.503333333333,0.006666666667,negligible
BA,SHAP-CF,5,20,0.505555555556,0.011111111111,negligible
BA,SHAP-CF,6,20,0.670000000000,0.340000000000,medium
BA,SHAP-CF,7,20,0.479444444444,-0.041111111111,negligible
BA,SHAP-CF,8,20,0.456666666667,-0.086666666667,negligible
BA,SHAP-CF,9,20,0.426666666667,-0.146666666667,negligible
BA,SHAP-CF,10,20,0.533333333333,0.066666666667,negligible
BA,SHAP-CF,11,20,0.940000000000,0.880000000000,large
BA,SHAP-CF,12,20,0.482222222222,-0.035555555556,negligible
BA,LIME-CF,1,10,0.617777777778,0.235555555556,small
BA,LIME-CF,2,10,0.504444444444,0.008888888889,negligible
BA,LIME-CF,3,10,0.473888888889,-0.052222222222,negligible
BA,LIME-CF,4,10,0.451666666667,-0.096666666667,negligible
BA,LIME-CF,5,10,0.503333333333,0.006666666667,negligible
BA,LIME-CF,6,10,0.483888888889,-0.032222222222,negligible
BA,LIME-CF,7,10,0.435000000000,-0.130000000000,negligible
BA,LIME-CF,8,10,0.291666666667,-0.416666666667,medium
BA,LIME-CF,9,10,0.545555555556,0.091111111111,negligible
BA,LIME-CF,10,10,0.498888888889,-0.002222222222,negligible
BA,LIME-CF,11,10,0.565555555556,0.131111111111,negligible
BA,LIME-CF,12,10,0.447222222222,-0.105555555556,negligible
BA,LIME-CF,1,20,0.731111111111,0.462222222222,medium
BA,LIME-CF,2,20,0.608888888889,0.217777777778,small
BA,LIME-CF,3,20,0.727777777778,0.455555555556,medium
BA,LIME-CF,4,20,0.528888888889,0.057777777778,negligible
BA,LIME-CF,5,20,0.504444444444,0.008888888889,negligible
BA,LIME-CF,6,20,0.587777777778,0.175555555556,small
BA,LIME-CF,7,20,0.455555555556,-0.088888888889,negligible
BA,LIME-CF,8,20,0.392222222222,-0.215555555556,small
BA,LIME-CF,9,20,0.483333333333,-0.033333333333,negligible
BA,LIME-CF,10,20,0.534444444444,0.068888888889,negligible
BA,LIME-CF,11,20,0.805555555556,0.611111111111,large
BA,LIME-CF,12,20,0.494444444444,-0.011111111111,negligible
BA,ACME-CF,1,10,1.000000000000,1.000000000000,large
BA,ACME-CF,2,10,0.643333333333,0.286666666667,small
BA,ACME-CF,3,10,0.994444444444,0.988888888889,large
BA,ACME-CF,4,10,0.413333333333,-0.173333333333,small
BA,ACME-CF,5,10,0.516666666667,0.033333333333,negligible
BA,ACME-CF,6,10,0.627777777778,0.255555555556,small
BA,ACME-CF,7,10,0.498888888889,-0.002222222222,negligible
BA,ACME-CF,8,10,0.495555555556,-0.008888888889,negligible
BA,ACME-CF,9,10,0.745555555556,0.491111111111,large
BA,ACME-CF,10,10,0.530000000000,0.060000000000,negligible
BA,ACME-CF,11,10,0.870000000000,0.740000000000,large
BA,ACME-CF,12,10,0.468888888889,-0.062222222222,negligible
BA,ACME-CF,1,20,1.000000000000,1.000000000000,large
BA,ACME-CF,2,20,0.805555555556,0.611111111111,large
BA,ACME-CF,3,20,1.000000000000,1.000000000000,large
BA,ACME-CF,4,20,0.478888888889,-0.042222222222,negligible
BA,ACME-CF,5,20,0.538888888889,0.077777777778,negligible
BA,ACME-CF,6,20,0.996666666667,0.993333333333,large
BA,ACME-CF,7,20,0.628888888889,0.257777777778,small
BA,ACME-CF,8,20,0.682222222222,0.364444444444,medium
BA,ACME-CF,9,20,0.575555555556,0.151111111111,small
BA,ACME-CF,10,20,0.713333333333,0.426666666667,medium
BA,ACME-CF,11,20,1.000000000000,1.000000000000,large
BA,ACME-CF,12,20,0.516666666667,0.033333333333,negligible
BA,IBREAKDOWN-CF,1,10,0.655555555556,0.311111111111,small
BA,IBREAKDOWN-CF,2,10,0.471111111111,-0.057777777778,negligible
BA,IBREAKDOWN-CF,3,10,0.721111111111,0.442222222222,medium
BA,IBREAKDOWN-CF,4,10,0.401666666667,-0.196666666667,small
BA,IBREAKDOWN-CF,5,10,0.513333333333,0.026666666667,negligible
BA,IBREAKDOWN-CF,6,10,0.469444444444,-0.061111111111,negligible
BA,IBREAKDOWN-CF,7,10,0.357222222222,-0.285555555556,small
BA,IBREAKDOWN-CF,8,10,0.325000000000,-0.350000000000,medium
BA,IBREAKDOWN-CF,9,10,0.533333333333,0.066666666667,negligible
BA,IBREAKDOWN-CF,10,10,0.550000000000,0.100000000000,negligible
BA,IBREAKDOWN-CF,11,10,0.699444444444,0.398888888889,medium
BA,IBREAKDOWN-CF,12,10,0.471666666667,-0.056666666667,negligible
BA,IBREAKDOWN-CF,1,20,0.768888888889,0.537777777778,large
BA,IBREAKDOWN-CF,2,20,0.530000000000,0.060000000000,negligible
BA,IBREAKDOWN-CF,3,20,0.768888888889,0.537777777778,large
BA,IBREAKDOWN-CF,4,20,0.508888888889,0.017777777778,negligible
BA,IBREAKDOWN-CF,5,20,0.509444444444,0.018888888889,negligible
BA,IBREAKDOWN-CF,6,20,0.535555555556,0.071111111111,negligible
BA,IBREAKDOWN-CF,7,20,0.457777777778,-0.084444444444,negligible
BA,IBREAKDOWN-CF,8,20,0.451111111111,-0.097777777778,negligible
BA,IBREAKDOWN-CF,9,20,0.486666666667,-0.026666666667,negligible
BA,IBREAKDOWN-CF,10,20,0.555555555556,0.111111111111,negligible
BA,IBREAKDOWN-CF,11,20,0.813333333333,0.626666666667,large
BA,IBREAKDOWN-CF,12,20,0.526666666667,0.053333333333,negligible
GWO,SHAP-CF,1,10,0.562222222222,0.124444444444,negligible
GWO,SHAP-CF,2,10,0.465555555556,-0.068888888889,negligible
GWO,SHAP-CF,3,10,0.444444444444,-0.111111111111,negligible
GWO,SHAP-CF,4,10,0.489444444444,-0.021111111111,negligible
GWO,SHAP-CF,5,10,0.505555555556,0.011111111111,negligible
GWO,SHAP-CF,6,10,0.530000000000,0.060000000000,negligible
GWO,SHAP-CF,7,10,0.521111111111,0.042222222222,negligible
GWO,SHAP-CF,8,10,0.452222222222,-0.095555555556,negligible
GWO,SHAP-CF,9,10,0.471111111111,-0.057777777778,negligible
GWO,SHAP-CF,10,10,0.530000000000,0.060000000000,negligible
GWO,SHAP-CF,11,10,0.471111111111,-0.057777777778,negligible
GWO,SHAP-CF,12,10,0.573333333333,0.146666666667,negligible
GWO,SHAP-CF,1,20,0.472222222222,-0.055555555556,negligible
GWO,SHAP-CF,2,20,0.470000000000,-0.060000000000,negligible
GWO,SHAP-CF,3,20,0.495555555556,-0.008888888889,negligible
GWO,SHAP-CF,4,20,0.590000000000,0.180000000000,small
GWO,SHAP-CF,5,20,0.503333333333,0.006666666667,negligible
GWO,SHAP-CF,6,20,0.444444444444,-0.111111111111,negligible
GWO,SHAP-CF,7,20,0.606666666667,0.213333333333,small
GWO,SHAP-CF,8,20,0.390000000000,-0.220000000000,small
GWO,SHAP-CF,9,20,0.502222222222,0.004444444444,negligible
GWO,SHAP-CF,10,20,0.455555555556,-0.088888888889,negligible
GWO,SHAP-CF,11,20,0.524444444444,0.048888888889,negligible
GWO,SHAP-CF,12,20,0.493333333333,-0.013333333333,negligible
GWO,LIME-CF,1,10,0.506666666667,0.013333333333,negligible
GWO,LIME-CF,2,10,0.424444444444,-0.151111111111,small
GWO,LIME-CF,3,10,0.395555555556,-0.208888888889,small
GWO,LIME-CF,4,10,0.292777777778,-0.414444444444,medium
GWO,LIME-CF,5,10,0.422222222222,-0.155555555556,small
GWO,LIME-CF,6,10,0.504444444444,0.008888888889,negligible
GWO,LIME-CF,7,10,0.562222222222,0.124444444444,negligible
GWO,LIME-CF,8,10,0.441111111111,-0.117777777778,negligible
GWO,LIME-CF,9,10,0.472222222222,-0.055555555556,negligible
GWO,LIME-CF,10,10,0.543333333333,0.086666666667,negligible
GWO,LIME-CF,11,10,0.468888888889,-0.062222222222,negligible
GWO,LIME-CF,12,10,0.498888888889,-0.002222222222,negligible
GWO,LIME-CF,1,20,0.397777777778,-0.204444444444,small
GWO,LIME-CF,2,20,0.527777777778,0.055555555556,negligible
GWO,LIME-CF,3,20,0.560000000000,0.120000000000,negligible
GWO,LIME-CF,4,20,0.524444444444,0.048888888889,negligible
GWO,LIME-CF,5,20,0.483333333333,-0.033333333333,negligible
GWO,LIME-CF,6,20,0.475555555556,-0.048888888889,negligible
GWO,LIME-CF,7,20,0.510000000000,0.020000000000,negligible
GWO,LIME-CF,8,20,0.480000000000,-0.040000000000,negligible
GWO,LIME-CF,9,20,0.448888888889,-0.102222222222,negligible
GWO,LIME-CF,10,20,0.460000000000,-0.080000000000,negligible
GWO,LIME-CF,11,20,0.440000000000,-0.120000000000,negligible
GWO,LIME-CF,12,20,0.516666666667,0.033333333333,negligible
GWO,ACME-CF,1,10,0.631111111111,0.262222222222,small
GWO,ACME-CF,2,10,0.422222222222,-0.155555555556,small
GWO,ACME-CF,3,10,0.458888888889,-0.082222222222,negligible
GWO,ACME-CF,4,10,0.592222222222,0.184444444444,small
GWO,ACME-CF,5,10,0.497777777778,-0.004444444444,negligible
GWO,ACME-CF,6,10,0.473333333333,-0.053333333333,negligible
GWO,ACME-CF,7,10,0.515555555556,0.031111111111,negligible
GWO,ACME-CF,8,10,0.431111111111,-0.137777777778,negligible
GWO,ACME-CF,9,10,0.444444444444,-0.111111111111,negligible
GWO,ACME-CF,10,10,0.505555555556,0.011111111111,negligible
GWO,ACME-CF,11,10,0.612222222222,0.224444444444,small
GWO,ACME-CF,12,10,0.621111111111,0.242222222222,small
GWO,ACME-CF,1,20,0.470000000000,-0.060000000000,negligible
GWO,ACME-CF,2,20,0.547777777778,0.095555555556,negligible
GWO,ACME-CF,3,20,0.465555555556,-0.068888888889,negligible
GWO,ACME-CF,4,20,0.606666666667,0.213333333333,small
GWO,ACME-CF,5,20,0.515555555556,0.031111111111,negligible
GWO,ACME-CF,6,20,0.485555555556,-0.028888888889,negligible
GWO,ACME-CF,7,20,0.571111111111,0.142222222222,negligible
GWO,ACME-CF,8,20,0.477777777778,-0.044444444444,negligible
GWO,ACME-CF,9,20,0.447777777778,-0.104444444444,negligible
GWO,ACME-CF,10,20,0.516666666667,0.033333333333,negligible
GWO,ACME-CF,11,20,0.497777777778,-0.004444444444,negligible
GWO,ACME-CF,12,20,0.481111111111,-0.037777777778,negligible
GWO,IBREAKDOWN-CF,1,10,0.532222222222,0.064444444444,negligible
GWO,IBREAKDOWN-CF,2,10,0.397777777778,-0.204444444444,small
GWO,IBREAKDOWN-CF,3,10,0.505555555556,0.011111111111,negligible
GWO,IBREAKDOWN-CF,4,10,0.515555555556,0.031111111111,negligible
GWO,IBREAKDOWN-CF,5,10,0.416666666667,-0.166666666667,small
GWO,IBREAKDOWN-CF,6,10,0.502222222222,0.004444444444,negligible
GWO,IBREAKDOWN-CF,7,10,0.568888888889,0.137777777778,negligible
GWO,IBREAKDOWN-CF,8,10,0.487777777778,-0.024444444444,negligible
GWO,IBREAKDOWN-CF,9,10,0.507777777778,0.015555555556,negligible
GWO,IBREAKDOWN-CF,10,10,0.522222222222,0.044444444444,negligible
GWO,IBREAKDOWN-CF,11,10,0.482222222222,-0.035555555556,negligible
GWO,IBREAKDOWN-CF,12,10,0.573333333333,0.146666666667,negligible
GWO,IBREAKDOWN-CF,1,20,0.471111111111,-0.057777777778,negligible
GWO,IBREAKDOWN-CF,2,20,0.521111111111,0.042222222222,negligible
GWO,IBREAKDOWN-CF,3,20,0.467777777778,-0.064444444444,negligible
GWO,IBREAKDOWN-CF,4,20,0.595555555556,0.191111111111,small
GWO,IBREAKDOWN-CF,5,20,0.487777777778,-0.024444444444,negligible
GWO,IBREAKDOWN-CF,6,20,0.463333333333,-0.073333333333,negligible
GWO,IBREAKDOWN-CF,7,20,0.482222222222,-0.035555555556,negligible
GWO,IBREAKDOWN-CF,8,20,0.434444444444,-0.131111111111,negligible
GWO,IBREAKDOWN-CF,9,20,0.444444444444,-0.111111111111,negligible
GWO,IBREAKDOWN-CF,10,20,0.510000000000,0.020000000000,negligible
GWO,IBREAKDOWN-CF,11,20,0.534444444444,0.068888888889,negligible
GWO,IBREAKDOWN-CF,12,20,0.544444444444,0.088888888889,negligible
L-SHADE,SHAP-CF,1,10,0.508888888889,0.017777777778,negligible
L-SHADE,SHAP-CF,2,10,0.501111111111,0.002222222222,negligible
L-SHADE,SHAP-CF,3,10,0.498888888889,-0.002222222222,negligible
L-SHADE,SHAP-CF,4,10,0.774444444444,0.548888888889,large
L-SHADE,SHAP-CF,5,10,0.536111111111,0.072222222222,negligible
L-SHADE,SHAP-CF,6,10,0.573333333333,0.146666666667,negligible
L-SHADE,SHAP-CF,7,10,0.167777777778,-0.664444444444,large
L-SHADE,SHAP-CF,8,10,0.090000000000,-0.820000000000,large
L-SHADE,SHAP-CF,9,10,0.366666666667,-0.266666666667,small
L-SHADE,SHAP-CF,10,10,0.500555555556,0.001111111111,negligible
L-SHADE,SHAP-CF,11,10,0.521111111111,0.042222222222,negligible
L-SHADE,SHAP-CF,12,10,0.480555555556,-0.038888888889,negligible
L-SHADE,SHAP-CF,1,20,0.500000000000,0.000000000000,negligible
L-SHADE,SHAP-CF,2,20,0.813333333333,0.626666666667,large
L-SHADE,SHAP-CF,3,20,0.500000000000,0.000000000000,negligible
L-SHADE,SHAP-CF,4,20,0.867777777778,0.735555555556,large
L-SHADE,SHAP-CF,5,20,0.489444444444,-0.021111111111,negligible
L-SHADE,SHAP-CF,6,20,0.991111111111,0.982222222222,large
L-SHADE,SHAP-CF,7,20,0.893333333333,0.786666666667,large
L-SHADE,SHAP-CF,8,20,0.907777777778,0.815555555556,large
L-SHADE,SHAP-CF,9,20,0.246666666667,-0.506666666667,large
L-SHADE,SHAP-CF,10,20,0.363333333333,-0.273333333333,small
L-SHADE,SHAP-CF,11,20,0.479444444444,-0.041111111111,negligible
L-SHADE,SHAP-CF,12,20,0.473333333333,-0.053333333333,negligible
L-SHADE,LIME-CF,1,10,0.520000000000,0.040000000000,negligible
L-SHADE,LIME-CF,2,10,0.500000000000,0.000000000000,negligible
L-SHADE,LIME-CF,3,10,0.511111111111,0.022222222222,negligible
L-SHADE,LIME-CF,4,10,0.770000000000,0.540000000000,large
L-SHADE,LIME-CF,5,10,0.437222222222,-0.125555555556,negligible
L-SHADE,LIME-CF,6,10,0.365555555556,-0.268888888889,small
L-SHADE,LIME-CF,7,10,0.133333333333,-0.733333333333,large
L-SHADE,LIME-CF,8,10,0.096666666667,-0.806666666667,large
L-SHADE,LIME-CF,9,10,0.524444444444,0.048888888889,negligible
L-SHADE,LIME-CF,10,10,0.540000000000,0.080000000000,negligible
L-SHADE,LIME-CF,11,10,0.534444444444,0.068888888889,negligible
L-SHADE,LIME-CF,12,10,0.325000000000,-0.350000000000,medium
L-SHADE,LIME-CF,1,20,0.500000000000,0.000000000000,negligible
L-SHADE,LIME-CF,2,20,0.816666666667,0.633333333333,large
L-SHADE,LIME-CF,3,20,0.500000000000,0.000000000000,negligible
L-SHADE,LIME-CF,4,20,0.908888888889,0.817777777778,large
L-SHADE,LIME-CF,5,20,0.483888888889,-0.032222222222,negligible
L-SHADE,LIME-CF,6,20,0.971111111111,0.942222222222,large
L-SHADE,LIME-CF,7,20,0.875555555556,0.751111111111,large
L-SHADE,LIME-CF,8,20,0.772222222222,0.544444444444,large
L-SHADE,LIME-CF,9,20,0.223333333333,-0.553333333333,large
L-SHADE,LIME-CF,10,20,0.428333333333,-0.143333333333,negligible
L-SHADE,LIME-CF,11,20,0.546111111111,0.092222222222,negligible
L-SHADE,LIME-CF,12,20,0.487222222222,-0.025555555556,negligible
L-SHADE,ACME-CF,1,10,0.490000000000,-0.020000000000,negligible
L-SHADE,ACME-CF,2,10,0.498888888889,-0.002222222222,negligible
L-SHADE,ACME-CF,3,10,0.452222222222,-0.095555555556,negligible
L-SHADE,ACME-CF,4,10,0.736666666667,0.473333333333,medium
L-SHADE,ACME-CF,5,10,0.508333333333,0.016666666667,negligible
L-SHADE,ACME-CF,6,10,0.506666666667,0.013333333333,negligible
L-SHADE,ACME-CF,7,10,0.152222222222,-0.695555555556,large
L-SHADE,ACME-CF,8,10,0.092222222222,-0.815555555556,large
L-SHADE,ACME-CF,9,10,0.473333333333,-0.053333333333,negligible
L-SHADE,ACME-CF,10,10,0.501666666667,0.003333333333,negligible
L-SHADE,ACME-CF,11,10,0.501111111111,0.002222222222,negligible
L-SHADE,ACME-CF,12,10,0.407222222222,-0.185555555556,small
L-SHADE,ACME-CF,1,20,0.500000000000,0.000000000000,negligible
L-SHADE,ACME-CF,2,20,0.777777777778,0.555555555556,large
L-SHADE,ACME-CF,3,20,0.500000000000,0.000000000000,negligible
L-SHADE,ACME-CF,4,20,0.957777777778,0.915555555556,large
L-SHADE,ACME-CF,5,20,0.490555555556,-0.018888888889,negligible
L-SHADE,ACME-CF,6,20,0.992222222222,0.984444444444,large
L-SHADE,ACME-CF,7,20,0.905555555556,0.811111111111,large
L-SHADE,ACME-CF,8,20,0.874444444444,0.748888888889,large
L-SHADE,ACME-CF,9,20,0.173333333333,-0.653333333333,large
L-SHADE,ACME-CF,10,20,0.427222222222,-0.145555555556,negligible
L-SHADE,ACME-CF,11,20,0.487222222222,-0.025555555556,negligible
L-SHADE,ACME-CF,12,20,0.504444444444,0.008888888889,negligible
L-SHADE,IBREAKDOWN-CF,1,10,0.544444444444,0.088888888889,negligible
L-SHADE,IBREAKDOWN-CF,2,10,0.498888888889,-0.002222222222,negligible
L-SHADE,IBREAKDOWN-CF,3,10,0.412222222222,-0.175555555556,small
L-SHADE,IBREAKDOWN-CF,4,10,0.695555555556,0.391111111111,medium
L-SHADE,IBREAKDOWN-CF,5,10,0.526111111111,0.052222222222,negligible
L-SHADE,IBREAKDOWN-CF,6,10,0.465555555556,-0.068888888889,negligible
L-SHADE,IBREAKDOWN-CF,7,10,0.177777777778,-0.644444444444,large
L-SHADE,IBREAKDOWN-CF,8,10,0.124444444444,-0.751111111111,large
L-SHADE,IBREAKDOWN-CF,9,10,0.423333333333,-0.153333333333,small
L-SHADE,IBREAKDOWN-CF,10,10,0.516666666667,0.033333333333,negligible
L-SHADE,IBREAKDOWN-CF,11,10,0.572222222222,0.144444444444,negligible
L-SHADE,IBREAKDOWN-CF,12,10,0.368333333333,-0.263333333333,small
L-SHADE,IBREAKDOWN-CF,1,20,0.500000000000,0.000000000000,negligible
L-SHADE,IBREAKDOWN-CF,2,20,0.836666666667,0.673333333333,large
L-SHADE,IBREAKDOWN-CF,3,20,0.500000000000,0.000000000000,negligible
L-SHADE,IBREAKDOWN-CF,4,20,0.942222222222,0.884444444444,large
L-SHADE,IBREAKDOWN-CF,5,20,0.483888888889,-0.032222222222,negligible
L-SHADE,IBREAKDOWN-CF,6,20,0.945555555556,0.891111111111,large
L-SHADE,IBREAKDOWN-CF,7,20,0.883333333333,0.766666666667,large
L-SHADE,IBREAKDOWN-CF,8,20,0.893333333333,0.786666666667,large
L-SHADE,IBREAKDOWN-CF,9,20,0.227777777778,-0.544444444444,large
L-SHADE,IBREAKDOWN-CF,10,20,0.363888888889,-0.272222222222,small
L-SHADE,IBREAKDOWN-CF,11,20,0.527222222222,0.054444444444,negligible
L-SHADE,IBREAKDOWN-CF,12,20,0.497777777778,-0.004444444444,negligible
jSO,SHAP-CF,1,10,0.611666666667,0.223333333333,small
jSO,SHAP-CF,2,10,0.485000000000,-0.030000000000,negligible
jSO,SHAP-CF,3,10,0.558888888889,0.117777777778,negligible
jSO,SHAP-CF,4,10,0.734444444444,0.468888888889,medium
jSO,SHAP-CF,5,10,0.591111111111,0.182222222222,small
jSO,SHAP-CF,6,10,0.285555555556,-0.428888888889,medium
jSO,SHAP-CF,7,10,0.596666666667,0.193333333333,small
jSO,SHAP-CF,8,10,0.570000000000,0.140000000000,negligible
jSO,SHAP-CF,9,10,0.596666666667,0.193333333333,small
jSO,SHAP-CF,10,10,0.500555555556,0.001111111111,negligible
jSO,SHAP-CF,11,10,0.584444444444,0.168888888889,small
jSO,SHAP-CF,12,10,0.482777777778,-0.034444444444,negligible
jSO,SHAP-CF,1,20,0.563888888889,0.127777777778,negligible
jSO,SHAP-CF,2,20,0.560555555556,0.121111111111,negligible
jSO,SHAP-CF,3,20,0.485555555556,-0.028888888889,negligible
jSO,SHAP-CF,4,20,0.866666666667,0.733333333333,large
jSO,SHAP-CF,5,20,0.535555555556,0.071111111111,negligible
jSO,SHAP-CF,6,20,1.000000000000,1.000000000000,large
jSO,SHAP-CF,7,20,0.902222222222,0.804444444444,large
jSO,SHAP-CF,8,20,0.978888888889,0.957777777778,large
jSO,SHAP-CF,9,20,0.583333333333,0.166666666667,small
jSO,SHAP-CF,10,20,0.443333333333,-0.113333333333,negligible
jSO,SHAP-CF,11,20,0.518888888889,0.037777777778,negligible
jSO,SHAP-CF,12,20,0.510000000000,0.020000000000,negligible
jSO,LIME-CF,1,10,0.619444444444,0.238888888889,small
jSO,LIME-CF,2,10,0.475555555556,-0.048888888889,negligible
jSO,LIME-CF,3,10,0.563333333333,0.126666666667,negligible
jSO,LIME-CF,4,10,0.678888888889,0.357777777778,medium
jSO,LIME-CF,5,10,0.617777777778,0.235555555556,small
jSO,LIME-CF,6,10,0.405555555556,-0.188888888889,small
jSO,LIME-CF,7,10,0.570000000000,0.140000000000,negligible
jSO,LIME-CF,8,10,0.435555555556,-0.128888888889,negligible
jSO,LIME-CF,9,10,0.444444444444,-0.111111111111,negligible
jSO,LIME-CF,10,10,0.436111111111,-0.127777777778,negligible
jSO,LIME-CF,11,10,0.538888888889,0.077777777778,negligible
jSO,LIME-CF,12,10,0.320000000000,-0.360000000000,medium
jSO,LIME-CF,1,20,0.627222222222,0.254444444444,small
jSO,LIME-CF,2,20,0.602777777778,0.205555555556,small
jSO,LIME-CF,3,20,0.553333333333,0.106666666667,negligible
jSO,LIME-CF,4,20,0.912222222222,0.824444444444,large
jSO,LIME-CF,5,20,0.617777777778,0.235555555556,small
jSO,LIME-CF,6,20,1.000000000000,1.000000000000,large
jSO,LIME-CF,7,20,0.867777777778,0.735555555556,large
jSO,LIME-CF,8,20,0.926666666667,0.853333333333,large
jSO,LIME-CF,9,20,0.296666666667,-0.406666666667,medium
jSO,LIME-CF,10,20,0.407777777778,-0.184444444444,small
jSO,LIME-CF,11,20,0.370000000000,-0.260000000000,small
jSO,LIME-CF,12,20,0.406111111111,-0.187777777778,small
jSO,ACME-CF,1,10,0.560555555556,0.121111111111,negligible
jSO,ACME-CF,2,10,0.473888888889,-0.052222222222,negligible
jSO,ACME-CF,3,10,0.597777777778,0.195555555556,small
jSO,ACME-CF,4,10,0.760000000000,0.520000000000,large
jSO,ACME-CF,5,10,0.686111111111,0.372222222222,medium
jSO,ACME-CF,6,10,0.336666666667,-0.326666666667,small
jSO,ACME-CF,7,10,0.478888888889,-0.042222222222,negligible
jSO,ACME-CF,8,10,0.590000000000,0.180000000000,small
jSO,ACME-CF,9,10,0.441111111111,-0.117777777778,negligible
jSO,ACME-CF,10,10,0.468333333333,-0.063333333333,negligible
jSO,ACME-CF,11,10,0.538333333333,0.076666666667,negligible
jSO,ACME-CF,12,10,0.337777777778,-0.324444444444,small
jSO,ACME-CF,1,20,0.490555555556,-0.018888888889,negligible
jSO,ACME-CF,2,20,0.575555555556,0.151111111111,small
jSO,ACME-CF,3,20,0.597222222222,0.194444444444,small
jSO,ACME-CF,4,20,0.957777777778,0.915555555556,large
jSO,ACME-CF,5,20,0.614444444444,0.228888888889,small
jSO,ACME-CF,6,20,0.974444444444,0.948888888889,large
jSO,ACME-CF,7,20,0.875555555556,0.751111111111,large
jSO,ACME-CF,8,20,0.928888888889,0.857777777778,large
jSO,ACME-CF,9,20,0.490000000000,-0.020000000000,negligible
jSO,ACME-CF,10,20,0.315555555556,-0.368888888889,medium
jSO,ACME-CF,11,20,0.402777777778,-0.194444444444,small
jSO,ACME-CF,12,20,0.421666666667,-0.156666666667,small
jSO,IBREAKDOWN-CF,1,10,0.473888888889,-0.052222222222,negligible
jSO,IBREAKDOWN-CF,2,10,0.500000000000,0.000000000000,negligible
jSO,IBREAKDOWN-CF,3,10,0.461111111111,-0.077777777778,negligible
jSO,IBREAKDOWN-CF,4,10,0.654444444444,0.308888888889,small
jSO,IBREAKDOWN-CF,5,10,0.593333333333,0.186666666667,small
jSO,IBREAKDOWN-CF,6,10,0.353333333333,-0.293333333333,small
jSO,IBREAKDOWN-CF,7,10,0.541111111111,0.082222222222,negligible
jSO,IBREAKDOWN-CF,8,10,0.561111111111,0.122222222222,negligible
jSO,IBREAKDOWN-CF,9,10,0.474444444444,-0.051111111111,negligible
jSO,IBREAKDOWN-CF,10,10,0.500555555556,0.001111111111,negligible
jSO,IBREAKDOWN-CF,11,10,0.458888888889,-0.082222222222,negligible
jSO,IBREAKDOWN-CF,12,10,0.393888888889,-0.212222222222,small
jSO,IBREAKDOWN-CF,1,20,0.483888888889,-0.032222222222,negligible
jSO,IBREAKDOWN-CF,2,20,0.569444444444,0.138888888889,negligible
jSO,IBREAKDOWN-CF,3,20,0.597777777778,0.195555555556,small
jSO,IBREAKDOWN-CF,4,20,0.847777777778,0.695555555556,large
jSO,IBREAKDOWN-CF,5,20,0.496111111111,-0.007777777778,negligible
jSO,IBREAKDOWN-CF,6,20,1.000000000000,1.000000000000,large
jSO,IBREAKDOWN-CF,7,20,0.950000000000,0.900000000000,large
jSO,IBREAKDOWN-CF,8,20,0.986666666667,0.973333333333,large
jSO,IBREAKDOWN-CF,9,20,0.280000000000,-0.440000000000,medium
jSO,IBREAKDOWN-CF,10,20,0.437777777778,-0.124444444444,negligible
jSO,IBREAKDOWN-CF,11,20,0.482222222222,-0.035555555556,negligible
jSO,IBREAKDOWN-CF,12,20,0.499444444444,-0.001111111111,negligible
GSK,SHAP-CF,1,10,0.500555555556,0.001111111111,negligible
GSK,SHAP-CF,2,10,0.598888888889,0.197777777778,small
GSK,SHAP-CF,3,10,0.615000000000,0.230000000000,small
GSK,SHAP-CF,4,10,0.591111111111,0.182222222222,small
GSK,SHAP-CF,5,10,0.659444444444,0.318888888889,small
GSK,SHAP-CF,6,10,0.618888888889,0.237777777778,small
GSK,SHAP-CF,7,10,0.310000000000,-0.380000000000,medium
GSK,SHAP-CF,8,10,0.294444444444,-0.411111111111,medium
GSK,SHAP-CF,9,10,0.500555555556,0.001111111111,negligible
GSK,SHAP-CF,10,10,0.538888888889,0.077777777778,negligible
GSK,SHAP-CF,11,10,0.580000000000,0.160000000000,small
GSK,SHAP-CF,12,10,0.532222222222,0.064444444444,negligible
GSK,SHAP-CF,1,20,0.673888888889,0.347777777778,medium
GSK,SHAP-CF,2,20,0.783333333333,0.566666666667,large
GSK,SHAP-CF,3,20,0.857777777778,0.715555555556,large
GSK,SHAP-CF,4,20,0.561111111111,0.122222222222,negligible
GSK,SHAP-CF,5,20,0.911111111111,0.822222222222,large
GSK,SHAP-CF,6,20,0.790000000000,0.580000000000,large
GSK,SHAP-CF,7,20,0.192222222222,-0.615555555556,large
GSK,SHAP-CF,8,20,0.508888888889,0.017777777778,negligible
GSK,SHAP-CF,9,20,0.890000000000,0.780000000000,large
GSK,SHAP-CF,10,20,0.518333333333,0.036666666667,negligible
GSK,SHAP-CF,11,20,0.716666666667,0.433333333333,medium
GSK,SHAP-CF,12,20,0.520000000000,0.040000000000,negligible
GSK,LIME-CF,1,10,0.512777777778,0.025555555556,negligible
GSK,LIME-CF,2,10,0.637777777778,0.275555555556,small
GSK,LIME-CF,3,10,0.656111111111,0.312222222222,small
GSK,LIME-CF,4,10,0.552222222222,0.104444444444,negligible
GSK,LIME-CF,5,10,0.693888888889,0.387777777778,medium
GSK,LIME-CF,6,10,0.596666666667,0.193333333333,small
GSK,LIME-CF,7,10,0.102222222222,-0.795555555556,large
GSK,LIME-CF,8,10,0.280000000000,-0.440000000000,medium
GSK,LIME-CF,9,10,0.506666666667,0.013333333333,negligible
GSK,LIME-CF,10,10,0.533333333333,0.066666666667,negligible
GSK,LIME-CF,11,10,0.548888888889,0.097777777778,negligible
GSK,LIME-CF,12,10,0.545555555556,0.091111111111,negligible
GSK,LIME-CF,1,20,0.788333333333,0.576666666667,large
GSK,LIME-CF,2,20,0.715555555556,0.431111111111,medium
GSK,LIME-CF,3,20,0.853333333333,0.706666666667,large
GSK,LIME-CF,4,20,0.596666666667,0.193333333333,small
GSK,LIME-CF,5,20,0.897777777778,0.795555555556,large
GSK,LIME-CF,6,20,0.793333333333,0.586666666667,large
GSK,LIME-CF,7,20,0.000000000000,-1.000000000000,large
GSK,LIME-CF,8,20,0.443333333333,-0.113333333333,negligible
GSK,LIME-CF,9,20,0.927777777778,0.855555555556,large
GSK,LIME-CF,10,20,0.515000000000,0.030000000000,negligible
GSK,LIME-CF,11,20,0.836666666667,0.673333333333,large
GSK,LIME-CF,12,20,0.517777777778,0.035555555556,negligible
GSK,ACME-CF,1,10,0.499444444444,-0.001111111111,negligible
GSK,ACME-CF,2,10,0.633333333333,0.266666666667,small
GSK,ACME-CF,3,10,0.659444444444,0.318888888889,small
GSK,ACME-CF,4,10,0.708888888889,0.417777777778,medium
GSK,ACME-CF,5,10,0.783888888889,0.567777777778,large
GSK,ACME-CF,6,10,0.686666666667,0.373333333333,medium
GSK,ACME-CF,7,10,0.193333333333,-0.613333333333,large
GSK,ACME-CF,8,10,0.332222222222,-0.335555555556,medium
GSK,ACME-CF,9,10,0.496111111111,-0.007777777778,negligible
GSK,ACME-CF,10,10,0.645555555556,0.291111111111,small
GSK,ACME-CF,11,10,0.537777777778,0.075555555556,negligible
GSK,ACME-CF,12,10,0.540000000000,0.080000000000,negligible
GSK,ACME-CF,1,20,0.785000000000,0.570000000000,large
GSK,ACME-CF,2,20,0.772222222222,0.544444444444,large
GSK,ACME-CF,3,20,0.850000000000,0.700000000000,large
GSK,ACME-CF,4,20,0.770000000000,0.540000000000,large
GSK,ACME-CF,5,20,0.897777777778,0.795555555556,large
GSK,ACME-CF,6,20,0.866666666667,0.733333333333,large
GSK,ACME-CF,7,20,0.208888888889,-0.582222222222,large
GSK,ACME-CF,8,20,0.454444444444,-0.091111111111,negligible
GSK,ACME-CF,9,20,0.971111111111,0.942222222222,large
GSK,ACME-CF,10,20,0.513888888889,0.027777777778,negligible
GSK,ACME-CF,11,20,0.917777777778,0.835555555556,large
GSK,ACME-CF,12,20,0.521111111111,0.042222222222,negligible
GSK,IBREAKDOWN-CF,1,10,0.499444444444,-0.001111111111,negligible
GSK,IBREAKDOWN-CF,2,10,0.613333333333,0.226666666667,small
GSK,IBREAKDOWN-CF,3,10,0.569444444444,0.138888888889,negligible
GSK,IBREAKDOWN-CF,4,10,0.626666666667,0.253333333333,small
GSK,IBREAKDOWN-CF,5,10,0.677222222222,0.354444444444,medium
GSK,IBREAKDOWN-CF,6,10,0.588888888889,0.177777777778,small
GSK,IBREAKDOWN-CF,7,10,0.215555555556,-0.568888888889,large
GSK,IBREAKDOWN-CF,8,10,0.306666666667,-0.386666666667,medium
GSK,IBREAKDOWN-CF,9,10,0.518888888889,0.037777777778,negligible
GSK,IBREAKDOWN-CF,10,10,0.594444444444,0.188888888889,small
GSK,IBREAKDOWN-CF,11,10,0.577222222222,0.154444444444,small
GSK,IBREAKDOWN-CF,12,10,0.531111111111,0.062222222222,negligible
GSK,IBREAKDOWN-CF,1,20,0.706111111111,0.412222222222,medium
GSK,IBREAKDOWN-CF,2,20,0.683333333333,0.366666666667,medium
GSK,IBREAKDOWN-CF,3,20,0.868888888889,0.737777777778,large
GSK,IBREAKDOWN-CF,4,20,0.628888888889,0.257777777778,small
GSK,IBREAKDOWN-CF,5,20,0.803333333333,0.606666666667,large
GSK,IBREAKDOWN-CF,6,20,0.734444444444,0.468888888889,medium
GSK,IBREAKDOWN-CF,7,20,0.150000000000,-0.700000000000,large
GSK,IBREAKDOWN-CF,8,20,0.508888888889,0.017777777778,negligible
GSK,IBREAKDOWN-CF,9,20,0.937777777778,0.875555555556,large
GSK,IBREAKDOWN-CF,10,20,0.513888888889,0.027777777778,negligible
GSK,IBREAKDOWN-CF,11,20,0.840000000000,0.680000000000,large
GSK,IBREAKDOWN-CF,12,20,0.515555555556,0.031111111111,negligible
OPA,SHAP-CF,1,10,0.554444444444,0.108888888889,negligible
OPA,SHAP-CF,2,10,0.480000000000,-0.040000000000,negligible
OPA,SHAP-CF,3,10,0.506666666667,0.013333333333,negligible
OPA,SHAP-CF,4,10,0.399444444444,-0.201111111111,small
OPA,SHAP-CF,5,10,0.486111111111,-0.027777777778,negligible
OPA,SHAP-CF,6,10,0.492777777778,-0.014444444444,negligible
OPA,SHAP-CF,7,10,0.561111111111,0.122222222222,negligible
OPA,SHAP-CF,8,10,0.523333333333,0.046666666667,negligible
OPA,SHAP-CF,9,10,0.511111111111,0.022222222222,negligible
OPA,SHAP-CF,10,10,0.480555555556,-0.038888888889,negligible
OPA,SHAP-CF,11,10,0.482777777778,-0.034444444444,negligible
OPA,SHAP-CF,12,10,0.408333333333,-0.183333333333,small
OPA,SHAP-CF,1,20,0.576666666667,0.153333333333,small
OPA,SHAP-CF,2,20,0.547777777778,0.095555555556,negligible
OPA,SHAP-CF,3,20,0.497777777778,-0.004444444444,negligible
OPA,SHAP-CF,4,20,0.505555555556,0.011111111111,negligible
OPA,SHAP-CF,5,20,0.509444444444,0.018888888889,negligible
OPA,SHAP-CF,6,20,0.502777777778,0.005555555556,negligible
OPA,SHAP-CF,7,20,0.495000000000,-0.010000000000,negligible
OPA,SHAP-CF,8,20,0.515555555556,0.031111111111,negligible
OPA,SHAP-CF,9,20,0.473888888889,-0.052222222222,negligible
OPA,SHAP-CF,10,20,0.482777777778,-0.034444444444,negligible
OPA,SHAP-CF,11,20,0.484444444444,-0.031111111111,negligible
OPA,SHAP-CF,12,20,0.490555555556,-0.018888888889,negligible
OPA,LIME-CF,1,10,0.553888888889,0.107777777778,negligible
OPA,LIME-CF,2,10,0.469444444444,-0.061111111111,negligible
OPA,LIME-CF,3,10,0.498333333333,-0.003333333333,negligible
OPA,LIME-CF,4,10,0.420000000000,-0.160000000000,small
OPA,LIME-CF,5,10,0.465555555556,-0.068888888889,negligible
OPA,LIME-CF,6,10,0.496666666667,-0.006666666667,negligible
OPA,LIME-CF,7,10,0.541111111111,0.082222222222,negligible
OPA,LIME-CF,8,10,0.467222222222,-0.065555555556,negligible
OPA,LIME-CF,9,10,0.515555555556,0.031111111111,negligible
OPA,LIME-CF,10,10,0.457777777778,-0.084444444444,negligible
OPA,LIME-CF,11,10,0.480000000000,-0.040000000000,negligible
OPA,LIME-CF,12,10,0.385555555556,-0.228888888889,small
OPA,LIME-CF,1,20,0.472777777778,-0.054444444444,negligible
OPA,LIME-CF,2,20,0.552222222222,0.104444444444,negligible
OPA,LIME-CF,3,20,0.468888888889,-0.062222222222,negligible
OPA,LIME-CF,4,20,0.499444444444,-0.001111111111,negligible
OPA,LIME-CF,5,20,0.513333333333,0.026666666667,negligible
OPA,LIME-CF,6,20,0.516666666667,0.033333333333,negligible
OPA,LIME-CF,7,20,0.547222222222,0.094444444444,negligible
OPA,LIME-CF,8,20,0.581666666667,0.163333333333,small
OPA,LIME-CF,9,20,0.431111111111,-0.137777777778,negligible
OPA,LIME-CF,10,20,0.492777777778,-0.014444444444,negligible
OPA,LIME-CF,11,20,0.531111111111,0.062222222222,negligible
OPA,LIME-CF,12,20,0.515000000000,0.030000000000,negligible
OPA,ACME-CF,1,10,0.531666666667,0.063333333333,negligible
OPA,ACME-CF,2,10,0.508888888889,0.017777777778,negligible
OPA,ACME-CF,3,10,0.501666666667,0.003333333333,negligible
OPA,ACME-CF,4,10,0.427222222222,-0.145555555556,negligible
OPA,ACME-CF,5,10,0.476111111111,-0.047777777778,negligible
OPA,ACME-CF,6,10,0.506666666667,0.013333333333,negligible
OPA,ACME-CF,7,10,0.521666666667,0.043333333333,negligible
OPA,ACME-CF,8,10,0.495000000000,-0.010000000000,negligible
OPA,ACME-CF,9,10,0.586666666667,0.173333333333,small
OPA,ACME-CF,10,10,0.472777777778,-0.054444444444,negligible
OPA,ACME-CF,11,10,0.453333333333,-0.093333333333,negligible
OPA,ACME-CF,12,10,0.426111111111,-0.147777777778,small
OPA,ACME-CF,1,20,0.470555555556,-0.058888888889,negligible
OPA,ACME-CF,2,20,0.521111111111,0.042222222222,negligible
OPA,ACME-CF,3,20,0.518333333333,0.036666666667,negligible
OPA,ACME-CF,4,20,0.490000000000,-0.020000000000,negligible
OPA,ACME-CF,5,20,0.503333333333,0.006666666667,negligible
OPA,ACME-CF,6,20,0.523333333333,0.046666666667,negligible
OPA,ACME-CF,7,20,0.533888888889,0.067777777778,negligible
OPA,ACME-CF,8,20,0.470555555556,-0.058888888889,negligible
OPA,ACME-CF,9,20,0.432222222222,-0.135555555556,negligible
OPA,ACME-CF,10,20,0.480555555556,-0.038888888889,negligible
OPA,ACME-CF,11,20,0.561111111111,0.122222222222,negligible
OPA,ACME-CF,12,20,0.518888888889,0.037777777778,negligible
OPA,IBREAKDOWN-CF,1,10,0.528888888889,0.057777777778,negligible
OPA,IBREAKDOWN-CF,2,10,0.502777777778,0.005555555556,negligible
OPA,IBREAKDOWN-CF,3,10,0.498333333333,-0.003333333333,negligible
OPA,IBREAKDOWN-CF,4,10,0.382777777778,-0.234444444444,small
OPA,IBREAKDOWN-CF,5,10,0.507777777778,0.015555555556,negligible
OPA,IBREAKDOWN-CF,6,10,0.505555555556,0.011111111111,negligible
OPA,IBREAKDOWN-CF,7,10,0.561666666667,0.123333333333,negligible
OPA,IBREAKDOWN-CF,8,10,0.548888888889,0.097777777778,negligible
OPA,IBREAKDOWN-CF,9,10,0.553333333333,0.106666666667,negligible
OPA,IBREAKDOWN-CF,10,10,0.451111111111,-0.097777777778,negligible
OPA,IBREAKDOWN-CF,11,10,0.465555555556,-0.068888888889,negligible
OPA,IBREAKDOWN-CF,12,10,0.430555555556,-0.138888888889,negligible
OPA,IBREAKDOWN-CF,1,20,0.506111111111,0.012222222222,negligible
OPA,IBREAKDOWN-CF,2,20,0.522777777778,0.045555555556,negligible
OPA,IBREAKDOWN-CF,3,20,0.502222222222,0.004444444444,negligible
OPA,IBREAKDOWN-CF,4,20,0.512777777778,0.025555555556,negligible
OPA,IBREAKDOWN-CF,5,20,0.497777777778,-0.004444444444,negligible
OPA,IBREAKDOWN-CF,6,20,0.513333333333,0.026666666667,negligible
OPA,IBREAKDOWN-CF,7,20,0.552777777778,0.105555555556,negligible
OPA,IBREAKDOWN-CF,8,20,0.562222222222,0.124444444444,negligible
OPA,IBREAKDOWN-CF,9,20,0.525555555556,0.051111111111,negligible
OPA,IBREAKDOWN-CF,10,20,0.498888888889,-0.002222222222,negligible
OPA,IBREAKDOWN-CF,11,20,0.547222222222,0.094444444444,negligible
OPA,IBREAKDOWN-CF,12,20,0.525555555556,0.051111111111,negligible
SBOA,SHAP-CF,1,10,0.633333333333,0.266666666667,small
SBOA,SHAP-CF,2,10,0.591111111111,0.182222222222,small
SBOA,SHAP-CF,3,10,0.592222222222,0.184444444444,small
SBOA,SHAP-CF,4,10,0.477222222222,-0.045555555556,negligible
SBOA,SHAP-CF,5,10,0.560000000000,0.120000000000,negligible
SBOA,SHAP-CF,6,10,0.546666666667,0.093333333333,negligible
SBOA,SHAP-CF,7,10,0.505555555556,0.011111111111,negligible
SBOA,SHAP-CF,8,10,0.491111111111,-0.017777777778,negligible
SBOA,SHAP-CF,9,10,0.556666666667,0.113333333333,negligible
SBOA,SHAP-CF,10,10,0.473333333333,-0.053333333333,negligible
SBOA,SHAP-CF,11,10,0.731111111111,0.462222222222,medium
SBOA,SHAP-CF,12,10,0.560000000000,0.120000000000,negligible
SBOA,SHAP-CF,1,20,0.772222222222,0.544444444444,large
SBOA,SHAP-CF,2,20,0.550000000000,0.100000000000,negligible
SBOA,SHAP-CF,3,20,0.675000000000,0.350000000000,medium
SBOA,SHAP-CF,4,20,0.510000000000,0.020000000000,negligible
SBOA,SHAP-CF,5,20,0.503888888889,0.007777777778,negligible
SBOA,SHAP-CF,6,20,0.693333333333,0.386666666667,medium
SBOA,SHAP-CF,7,20,0.467777777778,-0.064444444444,negligible
SBOA,SHAP-CF,8,20,0.472222222222,-0.055555555556,negligible
SBOA,SHAP-CF,9,20,0.473333333333,-0.053333333333,negligible
SBOA,SHAP-CF,10,20,0.538333333333,0.076666666667,negligible
SBOA,SHAP-CF,11,20,0.760000000000,0.520000000000,large
SBOA,SHAP-CF,12,20,0.575555555556,0.151111111111,small
SBOA,LIME-CF,1,10,0.761111111111,0.522222222222,large
SBOA,LIME-CF,2,10,0.578888888889,0.157777777778,small
SBOA,LIME-CF,3,10,0.882222222222,0.764444444444,large
SBOA,LIME-CF,4,10,0.443333333333,-0.113333333333,negligible
SBOA,LIME-CF,5,10,0.537777777778,0.075555555556,negligible
SBOA,LIME-CF,6,10,0.544444444444,0.088888888889,negligible
SBOA,LIME-CF,7,10,0.543333333333,0.086666666667,negligible
SBOA,LIME-CF,8,10,0.558888888889,0.117777777778,negligible
SBOA,LIME-CF,9,10,0.604444444444,0.208888888889,small
SBOA,LIME-CF,10,10,0.558888888889,0.117777777778,negligible
SBOA,LIME-CF,11,10,0.827777777778,0.655555555556,large
SBOA,LIME-CF,12,10,0.480000000000,-0.040000000000,negligible
SBOA,LIME-CF,1,20,0.885555555556,0.771111111111,large
SBOA,LIME-CF,2,20,0.664444444444,0.328888888889,small
SBOA,LIME-CF,3,20,0.808888888889,0.617777777778,large
SBOA,LIME-CF,4,20,0.517777777778,0.035555555556,negligible
SBOA,LIME-CF,5,20,0.545555555556,0.091111111111,negligible
SBOA,LIME-CF,6,20,0.782222222222,0.564444444444,large
SBOA,LIME-CF,7,20,0.465555555556,-0.068888888889,negligible
SBOA,LIME-CF,8,20,0.480000000000,-0.040000000000,negligible
SBOA,LIME-CF,9,20,0.607777777778,0.215555555556,small
SBOA,LIME-CF,10,20,0.570000000000,0.140000000000,negligible
SBOA,LIME-CF,11,20,0.913333333333,0.826666666667,large
SBOA,LIME-CF,12,20,0.561111111111,0.122222222222,negligible
SBOA,ACME-CF,1,10,0.974444444444,0.948888888889,large
SBOA,ACME-CF,2,10,0.707777777778,0.415555555556,medium
SBOA,ACME-CF,3,10,0.936666666667,0.873333333333,large
SBOA,ACME-CF,4,10,0.480555555556,-0.038888888889,negligible
SBOA,ACME-CF,5,10,0.573333333333,0.146666666667,negligible
SBOA,ACME-CF,6,10,0.554444444444,0.108888888889,negligible
SBOA,ACME-CF,7,10,0.560000000000,0.120000000000,negligible
SBOA,ACME-CF,8,10,0.538888888889,0.077777777778,negligible
SBOA,ACME-CF,9,10,0.618888888889,0.237777777778,small
SBOA,ACME-CF,10,10,0.522222222222,0.044444444444,negligible
SBOA,ACME-CF,11,10,0.967777777778,0.935555555556,large
SBOA,ACME-CF,12,10,0.545555555556,0.091111111111,negligible
SBOA,ACME-CF,1,20,0.962222222222,0.924444444444,large
SBOA,ACME-CF,2,20,0.708888888889,0.417777777778,medium
SBOA,ACME-CF,3,20,0.936666666667,0.873333333333,large
SBOA,ACME-CF,4,20,0.495000000000,-0.010000000000,negligible
SBOA,ACME-CF,5,20,0.523333333333,0.046666666667,negligible
SBOA,ACME-CF,6,20,0.860000000000,0.720000000000,large
SBOA,ACME-CF,7,20,0.517777777778,0.035555555556,negligible
SBOA,ACME-CF,8,20,0.435555555556,-0.128888888889,negligible
SBOA,ACME-CF,9,20,0.620000000000,0.240000000000,small
SBOA,ACME-CF,10,20,0.566666666667,0.133333333333,negligible
SBOA,ACME-CF,11,20,0.940000000000,0.880000000000,large
SBOA,ACME-CF,12,20,0.641111111111,0.282222222222,small
SBOA,IBREAKDOWN-CF,1,10,0.595555555556,0.191111111111,small
SBOA,IBREAKDOWN-CF,2,10,0.611111111111,0.222222222222,small
SBOA,IBREAKDOWN-CF,3,10,0.667777777778,0.335555555556,medium
SBOA,IBREAKDOWN-CF,4,10,0.442222222222,-0.115555555556,negligible
SBOA,IBREAKDOWN-CF,5,10,0.530000000000,0.060000000000,negligible
SBOA,IBREAKDOWN-CF,6,10,0.531111111111,0.062222222222,negligible
SBOA,IBREAKDOWN-CF,7,10,0.520000000000,0.040000000000,negligible
SBOA,IBREAKDOWN-CF,8,10,0.528888888889,0.057777777778,negligible
SBOA,IBREAKDOWN-CF,9,10,0.496666666667,-0.006666666667,negligible
SBOA,IBREAKDOWN-CF,10,10,0.491111111111,-0.017777777778,negligible
SBOA,IBREAKDOWN-CF,11,10,0.631111111111,0.262222222222,small
SBOA,IBREAKDOWN-CF,12,10,0.521111111111,0.042222222222,negligible
SBOA,IBREAKDOWN-CF,1,20,0.688888888889,0.377777777778,medium
SBOA,IBREAKDOWN-CF,2,20,0.642222222222,0.284444444444,small
SBOA,IBREAKDOWN-CF,3,20,0.686666666667,0.373333333333,medium
SBOA,IBREAKDOWN-CF,4,20,0.520555555556,0.041111111111,negligible
SBOA,IBREAKDOWN-CF,5,20,0.513888888889,0.027777777778,negligible
SBOA,IBREAKDOWN-CF,6,20,0.762222222222,0.524444444444,large
SBOA,IBREAKDOWN-CF,7,20,0.467777777778,-0.064444444444,negligible
SBOA,IBREAKDOWN-CF,8,20,0.492222222222,-0.015555555556,negligible
SBOA,IBREAKDOWN-CF,9,20,0.538888888889,0.077777777778,negligible
SBOA,IBREAKDOWN-CF,10,20,0.515555555556,0.031111111111,negligible
SBOA,IBREAKDOWN-CF,11,20,0.789444444444,0.578888888889,large
SBOA,IBREAKDOWN-CF,12,20,0.569444444444,0.138888888889,negligible
