Dimension,MH_Group,Topology,Algorithm,Variant,Runs,FinalErr_Mean,FinalErr_Median,Log10FinalErr_Median,ExecTime_s_Median,ExplanationFEs_Median,AppliedInterventions,Rescues
10,ADAPTIVE_DE,Composition,L-SHADE,ACME-CF,120,96.39257159955196,82.23675967826466,-2.8925377009626274,9.263290208000399,6720.0,3133,727
10,ADAPTIVE_DE,Composition,L-SHADE,IBREAKDOWN-CF,120,96.40027478210712,82.23675968895304,-2.8922112008637364,9.27609383300296,3271.0,3320,1079
10,ADAPTIVE_DE,Composition,L-SHADE,LIME-CF,120,96.40557239580154,82.23675968767816,-2.8928547765911903,9.274924791498051,6156.0,3135,885
10,ADAPTIVE_DE,Composition,L-SHADE,SHAP-CF,120,96.41328857115572,82.2367596830311,-2.892161773969789,9.041454104000877,3840.0,3305,1149
10,ADAPTIVE_DE,Composition,L-SHADE,Standard,120,96.40429573232608,82.2367597203197,-2.892775464175784,9.091653395495086,0.0,0,0
10,ADAPTIVE_DE,Composition,jSO,ACME-CF,120,108.35297588506364,164.47351934604512,2.2160959854006617,14.123638125005527,25438.0,3444,1009
10,ADAPTIVE_DE,Composition,jSO,IBREAKDOWN-CF,120,108.3534788662238,164.47351934603444,2.2160959854006332,14.070008229500672,17808.0,3684,1433
10,ADAPTIVE_DE,Composition,jSO,LIME-CF,120,108.34498929339819,164.47351934605467,2.2160959854006865,14.142625478991249,23040.0,3506,1228
10,ADAPTIVE_DE,Composition,jSO,SHAP-CF,120,108.36199367650849,164.4735193460292,2.2160959854006195,14.136494103993755,18534.0,3699,1508
10,ADAPTIVE_DE,Composition,jSO,Standard,120,108.34248770462722,164.47351934613494,2.216095985400899,14.07781614549458,0.0,0,0
10,ADAPTIVE_DE,Hybrid,L-SHADE,ACME-CF,90,3.7718362310522,0.7342528059854203,-0.13436018127708968,38.65608166699894,28768.5,3553,652
10,ADAPTIVE_DE,Hybrid,L-SHADE,IBREAKDOWN-CF,90,2.396374246818757,0.6772165555290712,-0.16932534189151932,38.927963083002396,19773.0,3627,1024
10,ADAPTIVE_DE,Hybrid,L-SHADE,LIME-CF,90,4.557982703521167,1.0062746388563257,0.0027006037050530565,38.800333562998276,28158.0,3612,812
10,ADAPTIVE_DE,Hybrid,L-SHADE,SHAP-CF,90,3.976463004575276,0.7200521974741605,-0.14305476340035927,38.81893606250378,21864.5,3724,966
10,ADAPTIVE_DE,Hybrid,L-SHADE,Standard,90,2.0825377920140733,0.4223896000426066,-0.37429743430418383,38.652164916500624,0.0,0,0
10,ADAPTIVE_DE,Hybrid,jSO,ACME-CF,90,4.797414500675766,1.7918699721244593,0.25325164971588743,38.64871606250381,33870.5,3954,538
10,ADAPTIVE_DE,Hybrid,jSO,IBREAKDOWN-CF,90,4.480793959281934,1.7447720870634384,0.24173266580712732,38.65976877049252,24068.5,4119,810
10,ADAPTIVE_DE,Hybrid,jSO,LIME-CF,90,4.51766788089263,1.6505179427464327,0.21745867512755768,38.86961018749571,33138.0,3910,724
10,ADAPTIVE_DE,Hybrid,jSO,SHAP-CF,90,3.8229796521852575,1.8573531058677872,0.26870024040887075,38.71661597950151,24947.0,4119,809
10,ADAPTIVE_DE,Hybrid,jSO,Standard,90,4.2019813247340405,2.3247358523783532,0.3663736125461151,38.62468724950304,0.0,0,0
10,ADAPTIVE_DE,Multimodal,L-SHADE,ACME-CF,120,4.888122667420234,9.972097814170413e-09,-8.001213514280654,2.3620400834988686,1440.0,3312,313
10,ADAPTIVE_DE,Multimodal,L-SHADE,IBREAKDOWN-CF,120,5.301302928147252,1.1250929247808017e-05,-6.325286518647014,3.092525291496713,898.5,3684,399
10,ADAPTIVE_DE,Multimodal,L-SHADE,LIME-CF,120,4.837966990727963,1.1250953974695221e-05,-6.324208874928498,3.0276790624993737,1440.0,3286,376
10,ADAPTIVE_DE,Multimodal,L-SHADE,SHAP-CF,120,4.990785858104995,9.805660283745965e-09,-8.00852316802321,2.683165000504232,870.0,3532,474
10,ADAPTIVE_DE,Multimodal,L-SHADE,Standard,120,5.7526568517627386,4.12184704146057e-08,-7.5712566540266275,2.9346657505011535,0.0,0,0
10,ADAPTIVE_DE,Multimodal,jSO,ACME-CF,120,6.755561617572868,1.9932895611149206,-3.702262371459725,3.4065889794983377,4890.0,3200,417
10,ADAPTIVE_DE,Multimodal,jSO,IBREAKDOWN-CF,120,6.958092460377459,1.9932895611534036,-3.7005777876293924,3.237318896004581,3504.5,3442,607
10,ADAPTIVE_DE,Multimodal,jSO,LIME-CF,120,6.980174151772251,1.9932895611137837,-3.7023123368854454,3.5530976875015767,3562.5,3203,546
10,ADAPTIVE_DE,Multimodal,jSO,SHAP-CF,120,6.786766042636819,1.9932895611559616,-3.700466275666303,3.260442979499203,2850.0,3429,643
10,ADAPTIVE_DE,Multimodal,jSO,Standard,120,8.029295357355348,1.993289561172105,-3.699763829341325,3.161387291496794,0.0,0,0
10,ADAPTIVE_DE,Unimodal,L-SHADE,ACME-CF,30,7.984046609029368e-09,8.036892040763632e-09,-8.094916115574621,0.770219479501975,194.0,13,13
10,ADAPTIVE_DE,Unimodal,L-SHADE,IBREAKDOWN-CF,30,7.811907683693183e-09,7.944976232465706e-09,-8.099918325281005,0.7746127294994949,73.5,15,15
10,ADAPTIVE_DE,Unimodal,L-SHADE,LIME-CF,30,7.855116261149911e-09,8.027967624002486e-09,-8.095396777246744,0.7389351460005855,74.5,11,11
10,ADAPTIVE_DE,Unimodal,L-SHADE,SHAP-CF,30,7.941863107892762e-09,8.064972689680872e-09,-8.093397285453772,0.6950852505033254,180.0,16,16
10,ADAPTIVE_DE,Unimodal,L-SHADE,Standard,30,7.921086838299137e-09,8.036892040763632e-09,-8.094916115574621,0.6993314579958678,0.0,0,0
10,ADAPTIVE_DE,Unimodal,jSO,ACME-CF,30,8.031552548951975e-09,8.361382697330555e-09,-8.077761645621143,1.095511000501574,854.0,39,36
10,ADAPTIVE_DE,Unimodal,jSO,IBREAKDOWN-CF,30,8.166222187355743e-09,8.870188139553647e-09,-8.052071476021275,1.0852278750026016,652.5,43,42
10,ADAPTIVE_DE,Unimodal,jSO,LIME-CF,30,7.733010913095011e-09,7.86857867751678e-09,-8.104186306684703,1.113317833001929,975.0,45,45
10,ADAPTIVE_DE,Unimodal,jSO,SHAP-CF,30,7.727010142843938e-09,8.038966825552052e-09,-8.095169479194286,1.1983676249983546,444.0,41,41
10,ADAPTIVE_DE,Unimodal,jSO,Standard,30,8.38901807280005e-09,8.609845281171147e-09,-8.065004652828668,1.2277645000031043,0.0,0,0
10,CLASSICAL_SWARM,Composition,BA,ACME-CF,120,245.06951435835117,222.29769936536763,2.346934952200648,14.69491660399217,56610.0,6451,214
10,CLASSICAL_SWARM,Composition,BA,IBREAKDOWN-CF,120,244.84656974734096,220.07480700327824,2.3425576637350236,14.799426562502049,42330.0,7851,340
10,CLASSICAL_SWARM,Composition,BA,LIME-CF,120,245.85640502799146,222.76506616055505,2.347847082705684,14.75783431250602,46440.0,7643,396
10,CLASSICAL_SWARM,Composition,BA,SHAP-CF,120,243.5007235578775,221.52413438476424,2.3454210006015055,14.828577146006864,43530.0,7746,319
10,CLASSICAL_SWARM,Composition,BA,Standard,120,244.11584177144215,217.2427614209014,2.3368362728500696,14.84116502100369,0.0,0,0
10,CLASSICAL_SWARM,Composition,GWO,ACME-CF,120,181.12796144351267,166.13262711427865,2.220454612243815,18.618811895503313,35160.0,5724,608
10,CLASSICAL_SWARM,Composition,GWO,IBREAKDOWN-CF,120,180.81640221077024,166.42343072078347,2.221214470490658,18.58574810400023,25230.0,6445,1224
10,CLASSICAL_SWARM,Composition,GWO,LIME-CF,120,183.98331337675057,166.42454433538728,2.2212173765420964,18.55622862549353,35280.0,5959,1086
10,CLASSICAL_SWARM,Composition,GWO,SHAP-CF,120,181.22803749580402,166.3656957248959,2.221063753749635,18.59340285450162,25050.0,6422,1220
10,CLASSICAL_SWARM,Composition,GWO,Standard,120,178.13504655674907,166.42450519153113,2.221217274393268,18.50014831250155,0.0,0,0
10,CLASSICAL_SWARM,Composition,PSO,ACME-CF,120,195.58902380826703,170.61545356680836,2.2320183574279087,11.470682228995429,51120.0,6138,876
10,CLASSICAL_SWARM,Composition,PSO,IBREAKDOWN-CF,120,195.5604986236695,170.7325157676587,2.2323161132703415,11.499260874996253,38880.0,6667,1053
10,CLASSICAL_SWARM,Composition,PSO,LIME-CF,120,195.76889944361525,170.1888215996321,2.2309307113477406,11.440277562498522,48240.0,6256,840
10,CLASSICAL_SWARM,Composition,PSO,SHAP-CF,120,195.60732710181279,170.63096675623592,2.232057337683707,11.464270895499794,39150.0,6656,1032
10,CLASSICAL_SWARM,Composition,PSO,Standard,120,196.52123332184925,175.3580126849365,2.243923004257784,11.37649302099453,0.0,0,0
10,CLASSICAL_SWARM,Hybrid,BA,ACME-CF,90,13907.74460881035,32.740894932440256,1.5150821132400818,35.81201218749993,63750.0,5181,119
10,CLASSICAL_SWARM,Hybrid,BA,IBREAKDOWN-CF,90,17925.497985390477,34.32666303355552,1.535631584556707,35.951299228996504,43260.0,6115,246
10,CLASSICAL_SWARM,Hybrid,BA,LIME-CF,90,17693.921804097125,32.847512835498605,1.5164751922961082,35.90614208349871,47520.0,5920,232
10,CLASSICAL_SWARM,Hybrid,BA,SHAP-CF,90,16842.35159248118,33.02928799151914,1.5188962253414977,35.906905313004245,44490.0,6014,264
10,CLASSICAL_SWARM,Hybrid,BA,Standard,90,17251.76966597695,31.999286030995222,1.5051361221572435,36.00192089600023,0.0,0,0
10,CLASSICAL_SWARM,Hybrid,GWO,ACME-CF,90,11670.984695142357,28.909185272536092,1.4610349616195268,39.24799962450197,44670.0,5235,483
10,CLASSICAL_SWARM,Hybrid,GWO,IBREAKDOWN-CF,90,11250.90873682459,28.283054686760693,1.4515150322888877,39.20231804199648,30990.0,5821,691
10,CLASSICAL_SWARM,Hybrid,GWO,LIME-CF,90,11588.641336750528,27.793304860546414,1.443939083380232,39.50655606250439,43200.0,5363,592
10,CLASSICAL_SWARM,Hybrid,GWO,SHAP-CF,90,11192.221483682571,29.147605177817695,1.464600440116841,39.371512124998844,30690.0,5773,652
10,CLASSICAL_SWARM,Hybrid,GWO,Standard,90,11399.75994091307,28.118086098140225,1.4489625287466115,39.34990581249804,0.0,0,0
10,CLASSICAL_SWARM,Hybrid,PSO,ACME-CF,90,2444.782474308309,21.348666993579513,1.329370626176173,36.06562114600092,20670.0,2380,1046
10,CLASSICAL_SWARM,Hybrid,PSO,IBREAKDOWN-CF,90,2435.033354794524,21.049584205004976,1.3232433330221638,36.17100156200104,17010.0,2661,1185
10,CLASSICAL_SWARM,Hybrid,PSO,LIME-CF,90,2417.966731030637,21.49491873261161,1.332335807487246,36.04274333300418,20520.0,2548,1008
10,CLASSICAL_SWARM,Hybrid,PSO,SHAP-CF,90,2400.128019415882,21.49492122727088,1.3323358578907007,36.10125922850057,18630.0,2696,1081
10,CLASSICAL_SWARM,Hybrid,PSO,Standard,90,2414.6913823722502,21.480436090645412,1.3320429959716986,36.00265647949709,0.0,0,0
10,CLASSICAL_SWARM,Multimodal,BA,ACME-CF,120,23.579916246276852,3.9496830356565056,0.5963409430763806,3.5505946039993432,57180.0,6550,242
10,CLASSICAL_SWARM,Multimodal,BA,IBREAKDOWN-CF,120,23.457232635992117,3.944447252454097,0.5957385677871805,3.5453541040005803,43020.0,8035,318
10,CLASSICAL_SWARM,Multimodal,BA,LIME-CF,120,22.03882432156389,3.9416880605887172,0.5954236389103957,3.5596225630033587,46800.0,7725,416
10,CLASSICAL_SWARM,Multimodal,BA,SHAP-CF,120,22.60971836109797,3.950171118114156,0.5963621431810284,3.582312415997876,44430.0,7860,355
10,CLASSICAL_SWARM,Multimodal,BA,Standard,120,21.064060715420922,3.9552088539858232,0.5969200254119663,3.4791041249991395,0.0,0,0
10,CLASSICAL_SWARM,Multimodal,GWO,ACME-CF,120,7.61120924906413,0.5503432755606639,-0.2660789775750483,7.162415895501908,36990.0,5952,561
10,CLASSICAL_SWARM,Multimodal,GWO,IBREAKDOWN-CF,120,8.127139072033032,3.413621229727397,0.23085233652010917,7.137691021001956,26370.0,6693,1291
10,CLASSICAL_SWARM,Multimodal,GWO,LIME-CF,120,8.649440953249904,0.7424376915558923,-0.16478230160258484,7.114213812499656,36000.0,6190,1066
10,CLASSICAL_SWARM,Multimodal,GWO,SHAP-CF,120,8.006833407527122,0.299317841197535,-1.1192447229590425,7.151811292002094,25980.0,6637,1212
10,CLASSICAL_SWARM,Multimodal,GWO,Standard,120,7.677315642989178,0.9197364897960938,-0.40242589844637855,7.103728895497625,0.0,0,0
10,CLASSICAL_SWARM,Multimodal,PSO,ACME-CF,120,11.103739413304872,0.49264195907295516,-0.30878629020317083,2.6718335624973406,45630.0,4374,390
10,CLASSICAL_SWARM,Multimodal,PSO,IBREAKDOWN-CF,120,11.595765915071988,0.4659933560229774,-0.3317564898315315,2.5436865420015238,35640.0,4816,403
10,CLASSICAL_SWARM,Multimodal,PSO,LIME-CF,120,11.255129453931064,0.49908814379909927,-0.30357667904430624,2.6533424380031647,43560.0,4510,406
10,CLASSICAL_SWARM,Multimodal,PSO,SHAP-CF,120,11.155408911419679,0.5137985199801847,-0.289342518307786,2.6352562085012323,35340.0,4755,473
10,CLASSICAL_SWARM,Multimodal,PSO,Standard,120,12.014788784934911,0.5438522690072887,-0.2645190552064756,2.474078395498509,0.0,0,0
10,CLASSICAL_SWARM,Unimodal,BA,ACME-CF,30,1.2248126280043607,1.1557903775230045,0.06280377001270765,1.9612593124984414,55620.0,1641,50
10,CLASSICAL_SWARM,Unimodal,BA,IBREAKDOWN-CF,30,6.59252107112707,7.216546529089527,0.8583196196261063,2.032419562499854,43410.0,2044,56
10,CLASSICAL_SWARM,Unimodal,BA,LIME-CF,30,6.867723375415417,6.937583775428635,0.8411974122412985,2.035524874998373,48240.0,1976,77
10,CLASSICAL_SWARM,Unimodal,BA,SHAP-CF,30,5.863344748487037,6.132930878071363,0.7875820287616333,1.8871259789993928,44730.0,2030,45
10,CLASSICAL_SWARM,Unimodal,BA,Standard,30,7.535024995260684,7.894774265514712,0.8973350526539208,1.7558363335010654,0.0,0,0
10,CLASSICAL_SWARM,Unimodal,GWO,ACME-CF,30,2.436508483652405,0.5317478890935661,-0.3977265400111644,5.699998833497375,34920.0,1378,149
10,CLASSICAL_SWARM,Unimodal,GWO,IBREAKDOWN-CF,30,5.0651340410145,0.40740764028413423,-0.39002204806082896,5.690215041995543,23670.0,1517,345
10,CLASSICAL_SWARM,Unimodal,GWO,LIME-CF,30,5.079644989467601,1.3562390241201854,0.12067987072620738,5.785730542000238,34200.0,1415,289
10,CLASSICAL_SWARM,Unimodal,GWO,SHAP-CF,30,5.112117677785629,0.4420294298057854,-0.3631012083691821,5.77121139549854,24210.0,1529,334
10,CLASSICAL_SWARM,Unimodal,GWO,Standard,30,5.264316393229978,1.5758461646165074,0.19121604696617903,6.066468208500737,0.0,0,0
10,CLASSICAL_SWARM,Unimodal,PSO,ACME-CF,30,8.22422710674194e-09,8.5524050064123e-09,-8.067912003672753,0.1643204579995654,0.0,7,7
10,CLASSICAL_SWARM,Unimodal,PSO,IBREAKDOWN-CF,30,8.267791902956863e-09,8.651511507196119e-09,-8.062942174867331,0.16751522900085541,0.0,7,7
10,CLASSICAL_SWARM,Unimodal,PSO,LIME-CF,30,8.235914113659722e-09,8.471971568724257e-09,-8.072030773131514,0.1654976664976857,0.0,7,7
10,CLASSICAL_SWARM,Unimodal,PSO,SHAP-CF,30,8.298519560412388e-09,8.49121306600864e-09,-8.071038337877114,0.17011564600034035,0.0,7,7
10,CLASSICAL_SWARM,Unimodal,PSO,Standard,30,8.241130444730516e-09,8.59105853123765e-09,-8.065960118119257,0.15993612500096785,0.0,0,0
10,KNOWLEDGE_BASED,Composition,GSK,ACME-CF,120,111.25941059937448,165.60794145374598,2.2190810059426704,13.540573291989858,17340.0,4259,1687
10,KNOWLEDGE_BASED,Composition,GSK,IBREAKDOWN-CF,120,111.4640916939022,165.60766060853302,2.2190802688230056,13.600268729001982,10680.0,4503,2568
10,KNOWLEDGE_BASED,Composition,GSK,LIME-CF,120,111.50787719985752,165.46855693015436,2.21871547938598,13.66705927100702,32550.0,4105,2076
10,KNOWLEDGE_BASED,Composition,GSK,SHAP-CF,120,111.39285093608969,165.60765899562716,2.2190802645949823,13.526665562501876,12210.0,4746,2586
10,KNOWLEDGE_BASED,Composition,GSK,Standard,120,111.56465363338583,165.60799880817922,2.2190811564736954,13.590558145995603,0.0,0,0
10,KNOWLEDGE_BASED,Hybrid,GSK,ACME-CF,90,590.7314362611619,21.719467933213764,1.3368491476095958,37.95138722899719,24840.0,4595,489
10,KNOWLEDGE_BASED,Hybrid,GSK,IBREAKDOWN-CF,90,540.2588484181822,21.655827492063054,1.3355744029381986,37.87252224999975,15840.0,4891,689
10,KNOWLEDGE_BASED,Hybrid,GSK,LIME-CF,90,727.5476342952986,24.529299122195084,1.3896850846746585,38.075537832999544,43920.0,4431,485
10,KNOWLEDGE_BASED,Hybrid,GSK,SHAP-CF,90,527.6645909543548,21.377599893479783,1.329958908508198,37.97271152100075,14850.0,4750,781
10,KNOWLEDGE_BASED,Hybrid,GSK,Standard,90,875.0674264660105,21.01083726088177,1.3224417640405597,37.84450795849989,0.0,0,0
10,KNOWLEDGE_BASED,Multimodal,GSK,ACME-CF,120,4.98163832541077,7.877232354753437e-05,-4.13312903681935,4.494837936999829,20190.0,5317,1081
10,KNOWLEDGE_BASED,Multimodal,GSK,IBREAKDOWN-CF,120,5.1346774006745335,0.0003252265363471,-3.488255004936901,4.945644291499775,17280.0,6509,1747
10,KNOWLEDGE_BASED,Multimodal,GSK,LIME-CF,120,5.485572186721657,0.00016334634545950001,-3.792511748964781,4.767882167001517,43470.0,5140,1414
10,KNOWLEDGE_BASED,Multimodal,GSK,SHAP-CF,120,5.229798110922731,0.0006152008729713499,-3.21402535916411,4.975281749502756,16830.0,6297,1939
10,KNOWLEDGE_BASED,Multimodal,GSK,Standard,120,5.627529021024431,0.0027910869486617498,-2.5579213196963,5.212940978999541,0.0,0,0
10,KNOWLEDGE_BASED,Unimodal,GSK,ACME-CF,30,0.02536208043438819,8.26108248475066e-09,-8.082963442527635,0.3006033335004758,0.0,55,1
10,KNOWLEDGE_BASED,Unimodal,GSK,IBREAKDOWN-CF,30,0.02536207789812579,8.26108248475066e-09,-8.082963442527635,0.3024209169998357,0.0,60,7
10,KNOWLEDGE_BASED,Unimodal,GSK,LIME-CF,30,7.893025137188185e-09,8.26108248475066e-09,-8.082963442527635,0.30799614550051047,0.0,14,14
10,KNOWLEDGE_BASED,Unimodal,GSK,SHAP-CF,30,0.02403823200272844,8.26108248475066e-09,-8.082963442527635,0.308419146000233,0.0,2,2
10,KNOWLEDGE_BASED,Unimodal,GSK,Standard,30,0.025362036484252334,8.26108248475066e-09,-8.082963442527635,0.3021516664994124,0.0,0,0
10,RECENT_BIOINSPIRED,Composition,OPA,ACME-CF,120,194.82036550567355,197.0570588555354,2.294591766001108,16.67379318750318,49800.0,7184,380
10,RECENT_BIOINSPIRED,Composition,OPA,IBREAKDOWN-CF,120,195.08469032332488,200.7782925548281,2.302666512842112,16.802470604001428,36450.0,7879,435
10,RECENT_BIOINSPIRED,Composition,OPA,LIME-CF,120,195.48585859046528,206.8128589714497,2.315554946946985,16.60512737499812,46800.0,7404,414
10,RECENT_BIOINSPIRED,Composition,OPA,SHAP-CF,120,194.63477671288584,202.18394339719566,2.3057158412950463,16.83994360399811,36780.0,7917,493
10,RECENT_BIOINSPIRED,Composition,OPA,Standard,120,193.4909900531792,189.51184285401243,2.277400026642158,16.776621125005477,0.0,0,0
10,RECENT_BIOINSPIRED,Composition,SBOA,ACME-CF,120,160.93762079157852,185.2553466335869,2.2677527652267013,13.929330020502675,47730.0,6854,296
10,RECENT_BIOINSPIRED,Composition,SBOA,IBREAKDOWN-CF,120,164.56352005975006,187.5643146011139,2.273141022497313,16.54356812500191,37260.0,7754,576
10,RECENT_BIOINSPIRED,Composition,SBOA,LIME-CF,120,162.92193453623693,193.36699608853883,2.2863557817973312,16.5598909580076,45360.0,7113,491
10,RECENT_BIOINSPIRED,Composition,SBOA,SHAP-CF,120,161.65274772703708,174.06379022545798,2.240699846316109,16.554107104006107,36570.0,7557,700
10,RECENT_BIOINSPIRED,Composition,SBOA,Standard,120,161.9460858574983,185.098271920049,2.2670758788689405,16.631905312504387,0.0,0,0
10,RECENT_BIOINSPIRED,Hybrid,OPA,ACME-CF,90,6625.826002271871,32.16300844321984,1.5073552148761555,37.91028752100101,48240.0,5435,306
10,RECENT_BIOINSPIRED,Hybrid,OPA,IBREAKDOWN-CF,90,6724.820647836434,31.27759352405917,1.4952014431535106,38.2237827914978,35220.0,5927,364
10,RECENT_BIOINSPIRED,Hybrid,OPA,LIME-CF,90,6677.551277444282,32.26937315306441,1.5087838879175068,37.876509708497906,46080.0,5609,268
10,RECENT_BIOINSPIRED,Hybrid,OPA,SHAP-CF,90,6840.412592356718,31.69465200481966,1.5009856748756718,38.13418025000283,36030.0,6039,332
10,RECENT_BIOINSPIRED,Hybrid,OPA,Standard,90,6635.392620534662,32.92962871237751,1.5175840428731502,37.582475812003395,0.0,0,0
10,RECENT_BIOINSPIRED,Hybrid,SBOA,ACME-CF,90,7973.860298436425,31.99581198025612,1.5050878372076564,37.67258460400262,42090.0,4613,409
10,RECENT_BIOINSPIRED,Hybrid,SBOA,IBREAKDOWN-CF,90,8229.277068195544,31.52679596906944,1.4986798112192976,37.68648312450023,31320.0,5279,1020
10,RECENT_BIOINSPIRED,Hybrid,SBOA,LIME-CF,90,7992.121809794852,31.532747021781915,1.4987243035652793,37.68881539550421,39240.0,4876,770
10,RECENT_BIOINSPIRED,Hybrid,SBOA,SHAP-CF,90,7922.6573787785655,32.716646747722734,1.514768408159385,37.728816208498756,33090.0,5299,1070
10,RECENT_BIOINSPIRED,Hybrid,SBOA,Standard,90,8558.326384290847,32.84998373851249,1.516532402868493,37.825829333498405,0.0,0,0
10,RECENT_BIOINSPIRED,Multimodal,OPA,ACME-CF,120,11.205640502079683,0.758929381647448,-0.12892273526392933,5.509731270500197,50700.0,7730,323
10,RECENT_BIOINSPIRED,Multimodal,OPA,IBREAKDOWN-CF,120,11.591747407381623,0.5005640019156488,-0.300958324993408,5.473489583499031,37350.0,8507,325
10,RECENT_BIOINSPIRED,Multimodal,OPA,LIME-CF,120,11.870144103239678,0.9181259167125404,-0.03709842874789453,5.453195458499977,48240.0,7973,295
10,RECENT_BIOINSPIRED,Multimodal,OPA,SHAP-CF,120,12.234650006193354,0.9162139858851788,-0.038003105205722094,5.500805750001746,37980.0,8504,328
10,RECENT_BIOINSPIRED,Multimodal,OPA,Standard,120,10.98331674511032,0.46965734354671435,-0.3282189668679866,5.453456416998961,0.0,0,0
10,RECENT_BIOINSPIRED,Multimodal,SBOA,ACME-CF,120,8.596903761420034,0.45458725877426787,-0.3423827767687867,5.27351102099783,49920.0,7647,315
10,RECENT_BIOINSPIRED,Multimodal,SBOA,IBREAKDOWN-CF,120,8.930620643087298,0.47580913238004996,-0.3226333941724001,5.36856264549715,38880.0,8422,531
10,RECENT_BIOINSPIRED,Multimodal,SBOA,LIME-CF,120,9.032497315691751,0.498301582680142,-0.302538487652689,5.336153395997826,48240.0,7872,360
10,RECENT_BIOINSPIRED,Multimodal,SBOA,SHAP-CF,120,8.701772567972517,0.4609751318976123,-0.33632251186451323,5.308591687498847,38640.0,8288,550
10,RECENT_BIOINSPIRED,Multimodal,SBOA,Standard,120,8.44773373089859,0.551305238460543,-0.25861080385955815,5.358147062997887,0.0,0,0
10,RECENT_BIOINSPIRED,Unimodal,OPA,ACME-CF,30,7.535180797159323,6.505230004238683,0.8131997390294257,4.372471416998451,49470.0,1911,52
10,RECENT_BIOINSPIRED,Unimodal,OPA,IBREAKDOWN-CF,30,7.411436102531932,6.505230003147204,0.8131997389577768,4.23251904150311,36300.0,2108,50
10,RECENT_BIOINSPIRED,Unimodal,OPA,LIME-CF,30,7.435190008194949,6.1405844978588675,0.787838084715375,4.376376291500492,47160.0,1936,71
10,RECENT_BIOINSPIRED,Unimodal,OPA,SHAP-CF,30,7.2893479235202925,6.140584497859095,0.7878380847153904,4.32784024999637,36870.0,2070,73
10,RECENT_BIOINSPIRED,Unimodal,OPA,Standard,30,8.269016107372414,6.701938783463902,0.82616470971258,4.422159395999188,0.0,0,0
10,RECENT_BIOINSPIRED,Unimodal,SBOA,ACME-CF,30,1.2442950071048131,1.1062883884436019,0.04305147674689159,4.395448375002161,47580.0,1834,57
10,RECENT_BIOINSPIRED,Unimodal,SBOA,IBREAKDOWN-CF,30,5.121780160618556,4.683147036213114,0.6670336453181119,4.175254709000001,37800.0,2061,136
10,RECENT_BIOINSPIRED,Unimodal,SBOA,LIME-CF,30,3.161389702084898,2.2748407506505544,0.35454803551900893,4.019311729502078,47520.0,1909,77
10,RECENT_BIOINSPIRED,Unimodal,SBOA,SHAP-CF,30,4.912060556070837,4.015723548199986,0.6036882424306149,4.039388000001054,37380.0,2026,150
10,RECENT_BIOINSPIRED,Unimodal,SBOA,Standard,30,5.740768469611055,5.2047905096817715,0.7162074045511891,3.927952207999624,0.0,0,0
20,ADAPTIVE_DE,Composition,L-SHADE,ACME-CF,120,243.0446977753898,289.51345283268415,2.456085762398665,70.85085364550469,53130.0,6429,1633
20,ADAPTIVE_DE,Composition,L-SHADE,IBREAKDOWN-CF,120,243.04469783269224,289.51345359521383,2.4560857637593,70.90098814600788,36267.5,6575,2508
20,ADAPTIVE_DE,Composition,L-SHADE,LIME-CF,120,243.04506692008388,289.5134544498121,2.45608576528422,70.89709514599235,49818.0,6448,2257
20,ADAPTIVE_DE,Composition,L-SHADE,SHAP-CF,120,243.04605754074618,289.51345491733196,2.456085766118448,70.73712514599902,36123.0,6586,2465
20,ADAPTIVE_DE,Composition,L-SHADE,Standard,120,243.04911428323842,289.51345283427713,2.456085762401508,70.70961389600416,0.0,0,0
20,ADAPTIVE_DE,Composition,jSO,ACME-CF,120,242.5532208863769,287.36597934661313,2.4522196624077797,71.54041456249251,44361.0,6127,1308
20,ADAPTIVE_DE,Composition,jSO,IBREAKDOWN-CF,120,242.56724067737028,287.36597934661313,2.4522196624077797,71.42230368750461,30820.5,6218,1766
20,ADAPTIVE_DE,Composition,jSO,LIME-CF,120,242.54287794787533,287.36597934661313,2.4522196624077797,72.46711483299441,41304.0,6169,1810
20,ADAPTIVE_DE,Composition,jSO,SHAP-CF,120,242.56273474979525,287.36597934661313,2.4522196624077797,74.29158106249815,31339.0,6249,1827
20,ADAPTIVE_DE,Composition,jSO,Standard,120,242.54061167745584,287.36597934661313,2.4522196624077797,72.31808408349752,0.0,0,0
20,ADAPTIVE_DE,Hybrid,L-SHADE,ACME-CF,90,9396.404157882045,27.74289196133384,1.4431517037887533,339.42441243749636,43143.0,4845,556
20,ADAPTIVE_DE,Hybrid,L-SHADE,IBREAKDOWN-CF,90,29495.254205957328,29.64642884742682,1.471972013889957,337.10928812549537,29910.0,5376,1098
20,ADAPTIVE_DE,Hybrid,L-SHADE,LIME-CF,90,20994.06696125743,29.868026577360524,1.4751755612780495,331.55005050050386,43230.0,5272,912
20,ADAPTIVE_DE,Hybrid,L-SHADE,SHAP-CF,90,19072.488979919708,28.39032859697454,1.453159435664142,326.7106636249955,30759.5,5355,1063
20,ADAPTIVE_DE,Hybrid,L-SHADE,Standard,90,184329.68783489856,33.994845842033556,1.5314120785185774,324.94149104149983,0.0,0,0
20,ADAPTIVE_DE,Hybrid,jSO,ACME-CF,90,2227.6468047178478,26.09530321802356,1.4165372373801581,326.0672327084976,37942.0,4387,614
20,ADAPTIVE_DE,Hybrid,jSO,IBREAKDOWN-CF,90,1670.0606634315948,27.405651424072403,1.437831418237519,325.9584305624958,27013.5,4447,1079
20,ADAPTIVE_DE,Hybrid,jSO,LIME-CF,90,1298.5385145032378,29.46803406552783,1.469332836817653,328.49932904150046,36786.0,4422,877
20,ADAPTIVE_DE,Hybrid,jSO,SHAP-CF,90,1640.3527832575728,27.1094507155492,1.4331206433552115,325.6606279164989,27753.0,4409,1071
20,ADAPTIVE_DE,Hybrid,jSO,Standard,90,23330.718631919728,51.815413344841545,1.714443224967697,325.2670248745053,0.0,0,0
20,ADAPTIVE_DE,Multimodal,L-SHADE,ACME-CF,120,26.05871382060188,9.386116407339216,-3.3647405712132636,13.880246812506812,1110.0,2879,332
20,ADAPTIVE_DE,Multimodal,L-SHADE,IBREAKDOWN-CF,120,24.97979544336648,8.381117250651755,-3.389178517751591,13.816977729497012,390.0,3027,464
20,ADAPTIVE_DE,Multimodal,L-SHADE,LIME-CF,120,25.085109362039272,8.207467033494595,-3.3924913754047465,13.95266068699857,1080.0,2849,417
20,ADAPTIVE_DE,Multimodal,L-SHADE,SHAP-CF,120,27.81847541860433,11.47605912368482,-3.321087150710042,13.946294958499493,372.0,3101,442
20,ADAPTIVE_DE,Multimodal,L-SHADE,Standard,120,36.8354895370097,24.54325245146805,-3.156017481899367,13.768366208503721,0.0,0,0
20,ADAPTIVE_DE,Multimodal,jSO,ACME-CF,120,34.434893890504014,11.096506661128103,-3.3269682333653785,18.064897541997198,34157.0,4756,412
20,ADAPTIVE_DE,Multimodal,jSO,IBREAKDOWN-CF,120,38.15988252531698,20.61911939785847,-3.192391744776448,16.386217729501368,19819.0,4847,550
20,ADAPTIVE_DE,Multimodal,jSO,LIME-CF,120,33.10484023491467,6.013223331993515,-3.4600002970785626,17.903837916492193,20880.0,4665,617
20,ADAPTIVE_DE,Multimodal,jSO,SHAP-CF,120,37.783384443523964,19.426763925678586,-3.2073383441193366,16.056148250499973,20191.5,4858,607
20,ADAPTIVE_DE,Multimodal,jSO,Standard,120,46.33058460877501,22.447734663711884,-3.174496812824343,15.37353066700598,0.0,0,0
20,ADAPTIVE_DE,Unimodal,L-SHADE,ACME-CF,30,8.63842804695499e-09,9.138489076576661e-09,-8.039125730056552,2.294756958501239,0.0,0,0
20,ADAPTIVE_DE,Unimodal,L-SHADE,IBREAKDOWN-CF,30,8.63842804695499e-09,9.138489076576661e-09,-8.039125730056552,2.3072675000003073,0.0,0,0
20,ADAPTIVE_DE,Unimodal,L-SHADE,LIME-CF,30,8.63842804695499e-09,9.138489076576661e-09,-8.039125730056552,2.281241354001395,0.0,0,0
20,ADAPTIVE_DE,Unimodal,L-SHADE,SHAP-CF,30,8.63842804695499e-09,9.138489076576661e-09,-8.039125730056552,2.284072187496349,0.0,0,0
20,ADAPTIVE_DE,Unimodal,L-SHADE,Standard,30,8.63842804695499e-09,9.138489076576661e-09,-8.039125730056552,2.302238333002606,0.0,0,0
20,ADAPTIVE_DE,Unimodal,jSO,ACME-CF,30,9.079324551445703e-09,9.096680742004537e-09,-8.04112920645909,5.683662791496317,720.0,48,37
20,ADAPTIVE_DE,Unimodal,jSO,IBREAKDOWN-CF,30,9.147762132973488e-09,9.335138884125627e-09,-8.029879593811978,5.651062083001307,420.0,40,40
20,ADAPTIVE_DE,Unimodal,jSO,LIME-CF,30,8.498820610232846e-09,8.539899454262923e-09,-8.068636728683693,5.640093603993591,720.0,38,38
20,ADAPTIVE_DE,Unimodal,jSO,SHAP-CF,30,8.741991071777496e-09,9.252659083358594e-09,-8.033734030072573,5.702033541499986,420.0,39,39
20,ADAPTIVE_DE,Unimodal,jSO,Standard,30,9.073357887245948e-09,9.186095439872588e-09,-8.036873423299049,5.577169520503958,0.0,0,0
20,CLASSICAL_SWARM,Composition,BA,ACME-CF,120,660.3899323042313,336.81788785507047,2.527395147939917,74.38808589549444,68370.0,7719,663
20,CLASSICAL_SWARM,Composition,BA,IBREAKDOWN-CF,120,736.1650098580138,337.00379526561096,2.527634789770924,75.01269391599635,50370.0,9491,462
20,CLASSICAL_SWARM,Composition,BA,LIME-CF,120,749.7863291361772,336.82657905103406,2.527406353894336,74.78957297900342,56880.0,9405,595
20,CLASSICAL_SWARM,Composition,BA,SHAP-CF,120,753.1848439639424,337.10455462975824,2.5277646097333735,74.39115664549172,52950.0,9576,423
20,CLASSICAL_SWARM,Composition,BA,Standard,120,766.5567804709377,336.91072780218974,2.5275148370368488,74.88316258348641,0.0,0,0
20,CLASSICAL_SWARM,Composition,GWO,ACME-CF,120,289.27188668173113,275.41138872927104,2.439907386305965,92.97138327099674,38760.0,6093,1056
20,CLASSICAL_SWARM,Composition,GWO,IBREAKDOWN-CF,120,286.4795329554558,309.0784318370495,2.488374354569763,93.31829049950466,24210.0,6364,1545
20,CLASSICAL_SWARM,Composition,GWO,LIME-CF,120,287.9964029807634,310.0659437344061,2.489906033296853,93.1836549375148,38160.0,6324,1442
20,CLASSICAL_SWARM,Composition,GWO,SHAP-CF,120,285.0016769251376,309.07855039231686,2.4883089874000284,93.21658837499854,24600.0,6369,1576
20,CLASSICAL_SWARM,Composition,GWO,Standard,120,282.3018586113747,273.6485552995857,2.4370683874971206,93.30099291699298,0.0,0,0
20,CLASSICAL_SWARM,Composition,PSO,ACME-CF,120,345.3325798744741,335.6387702715774,2.525872121234411,59.12028512499819,68340.0,10079,1391
20,CLASSICAL_SWARM,Composition,PSO,IBREAKDOWN-CF,120,346.1744456207309,335.63877027157764,2.5258721212344115,58.823802479499136,48600.0,10297,1412
20,CLASSICAL_SWARM,Composition,PSO,LIME-CF,120,339.5612439132022,335.63877027157787,2.5258721212344115,59.073268166495836,63720.0,10095,1306
20,CLASSICAL_SWARM,Composition,PSO,SHAP-CF,120,344.23003842438226,335.6387702715774,2.5258721212344106,59.408779937482905,49200.0,10262,1485
20,CLASSICAL_SWARM,Composition,PSO,Standard,120,353.3104653051153,335.6387702715774,2.5258721212344106,59.68034637499659,0.0,0,0
20,CLASSICAL_SWARM,Hybrid,BA,ACME-CF,90,56197.53584528969,62.09197130714506,1.7928527350065182,313.40036460400006,79530.0,6560,200
20,CLASSICAL_SWARM,Hybrid,BA,IBREAKDOWN-CF,90,353466.5937745536,70.67848052304566,1.8492870529739365,313.5929229579997,50640.0,7034,360
20,CLASSICAL_SWARM,Hybrid,BA,LIME-CF,90,350255.3085956175,70.20205906379829,1.84634954686481,312.1367559999999,57600.0,7024,348
20,CLASSICAL_SWARM,Hybrid,BA,SHAP-CF,90,304495.61173484725,69.46475090038439,1.8417644325076825,312.8620791874928,52350.0,6992,356
20,CLASSICAL_SWARM,Hybrid,BA,Standard,90,366082.65832605807,69.47124206533613,1.8418050310721954,314.3507220840038,0.0,0,0
20,CLASSICAL_SWARM,Hybrid,GWO,ACME-CF,90,21161.134366096667,62.97301166360512,1.7985650317289825,332.041561207996,46020.0,5195,906
20,CLASSICAL_SWARM,Hybrid,GWO,IBREAKDOWN-CF,90,22177.75922888292,51.4700962307229,1.7115185267063486,331.7548629374942,28050.0,5342,1135
20,CLASSICAL_SWARM,Hybrid,GWO,LIME-CF,90,21807.05783908572,48.06623652388987,1.681612958775466,334.50988999949914,45000.0,5277,1071
20,CLASSICAL_SWARM,Hybrid,GWO,SHAP-CF,90,22929.533002749413,72.2219619510472,1.8575519197468142,331.8766492499999,28500.0,5301,1140
20,CLASSICAL_SWARM,Hybrid,GWO,Standard,90,21252.05537049701,47.08997100446447,1.6729164424746337,331.764694270998,0.0,0,0
20,CLASSICAL_SWARM,Hybrid,PSO,ACME-CF,90,10247.557515714318,26.53262560243104,1.4237801206788743,315.45592045800004,12480.0,2142,1367
20,CLASSICAL_SWARM,Hybrid,PSO,IBREAKDOWN-CF,90,10406.125533581686,26.678587086725315,1.4261589320962078,315.3578277909983,8640.0,2292,1388
20,CLASSICAL_SWARM,Hybrid,PSO,LIME-CF,90,10358.109741582562,26.246261764675637,1.4190658476402964,314.29359975050465,15840.0,2307,1366
20,CLASSICAL_SWARM,Hybrid,PSO,SHAP-CF,90,10389.058799765557,26.549518314160082,1.4240562691723686,312.32665168699896,7230.0,2257,1396
20,CLASSICAL_SWARM,Hybrid,PSO,Standard,90,10356.498907231502,26.34469504624417,1.4206841490244746,311.13397491700016,0.0,0,0
20,CLASSICAL_SWARM,Multimodal,BA,ACME-CF,120,82.88032260178194,11.727029102552137,1.0691701180779956,17.27649881200341,70740.0,7976,620
20,CLASSICAL_SWARM,Multimodal,BA,IBREAKDOWN-CF,120,81.95136574839727,11.992399346174238,1.0789058179286601,17.443062437501794,51750.0,9648,448
20,CLASSICAL_SWARM,Multimodal,BA,LIME-CF,120,80.62055691240839,11.911263889908525,1.0759493767793566,17.260087853996083,56160.0,9382,613
20,CLASSICAL_SWARM,Multimodal,BA,SHAP-CF,120,81.77425020653408,12.002133468442707,1.0792555703903932,17.26654262550437,53520.0,9601,412
20,CLASSICAL_SWARM,Multimodal,BA,Standard,120,82.49563466934926,12.592078662087033,1.099694260380323,17.04413981299149,0.0,0,0
20,CLASSICAL_SWARM,Multimodal,GWO,ACME-CF,120,33.53337286880326,19.645853121582718,1.036859581856679,35.8508831460058,32400.0,5846,910
20,CLASSICAL_SWARM,Multimodal,GWO,IBREAKDOWN-CF,120,33.931869414901776,16.64269708480532,0.996854191990138,35.8004132710048,21000.0,6253,1534
20,CLASSICAL_SWARM,Multimodal,GWO,LIME-CF,120,34.87037198352615,21.67382255880591,1.0633996735799323,36.113274333001755,33840.0,6192,1373
20,CLASSICAL_SWARM,Multimodal,GWO,SHAP-CF,120,34.941131312940826,19.672677907591662,1.0403721700436392,35.957242500000575,21990.0,6287,1563
20,CLASSICAL_SWARM,Multimodal,GWO,Standard,120,35.89293719470484,21.66621349940533,1.0624101896595115,35.74453189599444,0.0,0,0
20,CLASSICAL_SWARM,Multimodal,PSO,ACME-CF,120,41.851878971062646,5.127296843517314,0.6952017294674597,16.20318927100743,68520.0,8933,268
20,CLASSICAL_SWARM,Multimodal,PSO,IBREAKDOWN-CF,120,41.92423212440156,5.1272968435172,0.6952017294674467,16.109148666502733,48600.0,9131,295
20,CLASSICAL_SWARM,Multimodal,PSO,LIME-CF,120,41.229483420149094,5.127296843517286,0.6952017294674577,16.22479050000402,63360.0,8963,316
20,CLASSICAL_SWARM,Multimodal,PSO,SHAP-CF,120,42.02586653735238,5.127296843517428,0.69520172946747,16.11029283350217,49200.0,9124,276
20,CLASSICAL_SWARM,Multimodal,PSO,Standard,120,42.11421364239815,5.1272968435173425,0.6952017294674616,16.116424541498418,0.0,0,0
20,CLASSICAL_SWARM,Unimodal,BA,ACME-CF,30,3.3342530123154916,1.0519298124337695,0.021786834314246533,8.061942688000272,63480.0,1853,208
20,CLASSICAL_SWARM,Unimodal,BA,IBREAKDOWN-CF,30,37.11435291249386,36.49521111812413,1.5621512781956632,8.071437521000917,51360.0,2454,81
20,CLASSICAL_SWARM,Unimodal,BA,LIME-CF,30,38.83065091134019,39.19897070329051,1.59327457305247,8.08987781250471,59040.0,2461,116
20,CLASSICAL_SWARM,Unimodal,BA,SHAP-CF,30,36.54872882983632,37.30927320268191,1.5718143768285149,8.06181189599738,54990.0,2493,70
20,CLASSICAL_SWARM,Unimodal,BA,Standard,30,44.96597440587108,45.83231953512362,1.6611711864832106,7.8661155000008876,0.0,0,0
20,CLASSICAL_SWARM,Unimodal,GWO,ACME-CF,30,52.62641506841245,28.351462979750778,1.451862668557992,26.092385791504057,32070.0,1277,222
20,CLASSICAL_SWARM,Unimodal,GWO,IBREAKDOWN-CF,30,52.5352174649205,30.876975483456363,1.4896097875381205,26.092792687493784,19530.0,1375,427
20,CLASSICAL_SWARM,Unimodal,GWO,LIME-CF,30,78.1277430837495,49.09896818041,1.6910596489782144,26.0600023329971,33120.0,1415,392
20,CLASSICAL_SWARM,Unimodal,GWO,SHAP-CF,30,43.00889056056122,30.415960467445615,1.4830976232363602,26.062940354502643,20790.0,1356,406
20,CLASSICAL_SWARM,Unimodal,GWO,Standard,30,48.27043526598388,25.383620856282505,1.4044774579388464,26.059880270491703,0.0,0,0
20,CLASSICAL_SWARM,Unimodal,PSO,ACME-CF,30,9.148296461110779e-09,9.376776688441169e-09,-8.027949504229667,0.4900110625021625,0.0,0,0
20,CLASSICAL_SWARM,Unimodal,PSO,IBREAKDOWN-CF,30,9.148296461110779e-09,9.376776688441169e-09,-8.027949504229667,0.49395358350011515,0.0,0,0
20,CLASSICAL_SWARM,Unimodal,PSO,LIME-CF,30,9.148296461110779e-09,9.376776688441169e-09,-8.027949504229667,0.4941514579986688,0.0,0,0
20,CLASSICAL_SWARM,Unimodal,PSO,SHAP-CF,30,9.148296461110779e-09,9.376776688441169e-09,-8.027949504229667,0.4881908335009939,0.0,0,0
20,CLASSICAL_SWARM,Unimodal,PSO,Standard,30,9.148296461110779e-09,9.376776688441169e-09,-8.027949504229667,0.4925195210016682,0.0,0,0
20,KNOWLEDGE_BASED,Composition,GSK,ACME-CF,120,253.75625931347574,321.18180862855525,2.5063105398566146,68.28758118749829,27660.0,7108,1753
20,KNOWLEDGE_BASED,Composition,GSK,IBREAKDOWN-CF,120,254.4950256436206,321.1818086285555,2.5063105398566154,69.15618495899253,17460.0,7441,2299
20,KNOWLEDGE_BASED,Composition,GSK,LIME-CF,120,254.17894965776352,321.1837361495732,2.506313269033887,69.2089696044859,51120.0,7407,2382
20,KNOWLEDGE_BASED,Composition,GSK,SHAP-CF,120,255.60989289620233,321.1818086285557,2.5063105398566154,69.85477464599535,16500.0,7400,2099
20,KNOWLEDGE_BASED,Composition,GSK,Standard,120,263.2353016380023,330.19859577428497,2.5176867918511725,84.81520806250046,0.0,0,0
20,KNOWLEDGE_BASED,Hybrid,GSK,ACME-CF,90,5658.524020348741,25.494008587310645,1.4064301860809638,322.5295171460093,27150.0,4908,631
20,KNOWLEDGE_BASED,Hybrid,GSK,IBREAKDOWN-CF,90,6290.625228043643,25.154492168805064,1.4006154035364067,322.8997840414959,15840.0,4948,883
20,KNOWLEDGE_BASED,Hybrid,GSK,LIME-CF,90,5733.145813746619,26.90799128146523,1.4298812245479988,323.67018691699195,53280.0,5249,636
20,KNOWLEDGE_BASED,Hybrid,GSK,SHAP-CF,90,5706.280973876988,25.20256093200203,1.401443364005646,323.20145343749755,14850.0,4752,799
20,KNOWLEDGE_BASED,Hybrid,GSK,Standard,90,9520.797397830462,24.820960832100127,1.3948170198373693,320.7514986039969,0.0,0,0
20,KNOWLEDGE_BASED,Multimodal,GSK,ACME-CF,120,28.89434649293897,0.00585274331473325,-2.249599876560672,22.989785666497482,28140.0,6783,984
20,KNOWLEDGE_BASED,Multimodal,GSK,IBREAKDOWN-CF,120,34.824751341053414,0.00665712188384755,-2.178045522045411,23.229058270997484,17760.0,6796,1145
20,KNOWLEDGE_BASED,Multimodal,GSK,LIME-CF,120,34.0353073355935,0.0029390872581416,-2.532125060787117,23.106329583002662,51030.0,6416,1184
20,KNOWLEDGE_BASED,Multimodal,GSK,SHAP-CF,120,34.48957283458752,0.0040725313951384,-2.4013487451565263,23.22729279199848,16950.0,6793,1179
20,KNOWLEDGE_BASED,Multimodal,GSK,Standard,120,40.497454092543954,13.012771018251726,-0.08888556541301595,28.33149037500698,0.0,0,0
20,KNOWLEDGE_BASED,Unimodal,GSK,ACME-CF,30,7.596359031959213,0.013607907655369851,-1.8848406367514863,18.614377374506148,13680.0,1259,209
20,KNOWLEDGE_BASED,Unimodal,GSK,IBREAKDOWN-CF,30,12.543655477123812,1.6457076001848066,0.18770441311706493,18.962921562502743,14640.0,1517,340
20,KNOWLEDGE_BASED,Unimodal,GSK,LIME-CF,30,9.364112465656813,9.839880021900171e-09,-8.007044228867207,15.680822375492426,20520.0,1133,311
20,KNOWLEDGE_BASED,Unimodal,GSK,SHAP-CF,30,13.431462364776763,1.1993932504102247,-0.1874573621718591,18.932527812001354,15630.0,1630,394
20,KNOWLEDGE_BASED,Unimodal,GSK,Standard,30,22.780016753372152,15.698316319996309,1.1958530755922427,18.933238791498297,0.0,0,0
20,RECENT_BIOINSPIRED,Composition,OPA,ACME-CF,120,657.2832092106313,345.0819482331342,2.537922226683847,73.74651012499817,65460.0,10037,254
20,RECENT_BIOINSPIRED,Composition,OPA,IBREAKDOWN-CF,120,641.4454503666146,342.2144003846904,2.534295624052232,83.98811152100097,44400.0,10185,276
20,RECENT_BIOINSPIRED,Composition,OPA,LIME-CF,120,652.24740204302,342.47531976246773,2.534629278785551,69.75307210399478,60840.0,9920,249
20,RECENT_BIOINSPIRED,Composition,OPA,SHAP-CF,120,654.8702519177659,340.9483054573741,2.5326885273818,83.81577697899775,45180.0,10247,226
20,RECENT_BIOINSPIRED,Composition,OPA,Standard,120,643.0551859765336,341.7344557849028,2.533687813262187,84.4949274584942,0.0,0,0
20,RECENT_BIOINSPIRED,Composition,SBOA,ACME-CF,120,586.8403830489249,343.20487070803074,2.5355521339340257,83.29416995801148,61050.0,8966,444
20,RECENT_BIOINSPIRED,Composition,SBOA,IBREAKDOWN-CF,120,606.5985420796678,378.1678078986665,2.5765024751907033,83.14552208298119,43740.0,9324,552
20,RECENT_BIOINSPIRED,Composition,SBOA,LIME-CF,120,590.7237058111092,373.70828606616533,2.5711720637666526,82.73906122900371,57600.0,9079,534
20,RECENT_BIOINSPIRED,Composition,SBOA,SHAP-CF,120,604.6834394009916,357.14792145327215,2.5526284009657307,83.284436396003,44730.0,9336,536
20,RECENT_BIOINSPIRED,Composition,SBOA,Standard,120,621.8466871190584,374.6181713214994,2.5721038357075665,83.38193043701176,0.0,0,0
20,RECENT_BIOINSPIRED,Hybrid,OPA,ACME-CF,90,13787.992406535242,75.1385296332785,1.8758572328193022,324.2246564585075,59820.0,6931,476
20,RECENT_BIOINSPIRED,Hybrid,OPA,IBREAKDOWN-CF,90,14180.098689055512,73.6115913702481,1.8669095821832293,325.234114333005,42000.0,7215,544
20,RECENT_BIOINSPIRED,Hybrid,OPA,LIME-CF,90,14011.111583794707,74.29638514177782,1.8709652724626793,323.3815219789976,56880.0,6828,512
20,RECENT_BIOINSPIRED,Hybrid,OPA,SHAP-CF,90,14250.228231074712,75.30370502006326,1.8768146302826627,324.27805481250107,41160.0,7060,534
20,RECENT_BIOINSPIRED,Hybrid,OPA,Standard,90,14298.89257808181,74.82983625817837,1.8740721269437866,321.15746124999714,0.0,0,0
20,RECENT_BIOINSPIRED,Hybrid,SBOA,ACME-CF,90,64780.00951817835,82.60556287530176,1.917008727512063,322.15978185350104,49050.0,5620,709
20,RECENT_BIOINSPIRED,Hybrid,SBOA,IBREAKDOWN-CF,90,114021.3402568539,86.55451372208859,1.9372089121021299,323.7765158964976,33480.0,5815,1101
20,RECENT_BIOINSPIRED,Hybrid,SBOA,LIME-CF,90,103589.39243240106,88.47639961638401,1.9467857481143183,321.8688148959991,45360.0,5631,1126
20,RECENT_BIOINSPIRED,Hybrid,SBOA,SHAP-CF,90,144516.9248934402,86.76630113157967,1.9383499985571864,322.554097770495,34920.0,5667,1097
20,RECENT_BIOINSPIRED,Hybrid,SBOA,Standard,90,235750.4633400261,89.10111948947542,1.949816959082789,319.2325053125023,0.0,0,0
20,RECENT_BIOINSPIRED,Multimodal,OPA,ACME-CF,120,52.54235251689555,10.93587294158823,1.0283240090827526,26.508660541498102,67140.0,10226,108
20,RECENT_BIOINSPIRED,Multimodal,OPA,IBREAKDOWN-CF,120,52.054412994627,9.328313824716389,0.9683120801042313,26.54678839549888,45990.0,10460,103
20,RECENT_BIOINSPIRED,Multimodal,OPA,LIME-CF,120,52.76169327356145,10.935872941588087,1.028324009082748,26.663899187500647,63000.0,10310,131
20,RECENT_BIOINSPIRED,Multimodal,OPA,SHAP-CF,120,51.72425662010124,8.131752772679135,0.9095905008265905,26.774616291499115,46650.0,10471,114
20,RECENT_BIOINSPIRED,Multimodal,OPA,Standard,120,52.70353825217722,10.935872941588372,1.0283240090827572,26.753657375003968,0.0,0,0
20,RECENT_BIOINSPIRED,Multimodal,SBOA,ACME-CF,120,42.0918859800799,26.467127588743807,1.1329047461020612,26.39686927099683,64230.0,9645,388
20,RECENT_BIOINSPIRED,Multimodal,SBOA,IBREAKDOWN-CF,120,41.53950155734617,26.52499659016894,1.140459190909703,26.234992625504674,45360.0,9924,452
20,RECENT_BIOINSPIRED,Multimodal,SBOA,LIME-CF,120,41.84221681406506,26.49079161264217,1.1320092329006697,26.52479827049683,59760.0,9605,436
20,RECENT_BIOINSPIRED,Multimodal,SBOA,SHAP-CF,120,41.85515340033899,26.477313551758613,1.1330069564740137,26.337634708506812,46830.0,9964,384
20,RECENT_BIOINSPIRED,Multimodal,SBOA,Standard,120,42.196812204988575,27.23586303895172,1.1468044453406556,26.5473644579979,0.0,0,0
20,RECENT_BIOINSPIRED,Unimodal,OPA,ACME-CF,30,68.08548157683488,64.30871245272863,1.8077724547667577,17.545414125001116,66060.0,2540,6
20,RECENT_BIOINSPIRED,Unimodal,OPA,IBREAKDOWN-CF,30,60.72432477518177,59.66471037885225,1.7755675027400564,17.550570916500874,44910.0,2601,9
20,RECENT_BIOINSPIRED,Unimodal,OPA,LIME-CF,30,65.22771554871731,64.17938045983368,1.806937305503427,17.587952437497734,62280.0,2476,17
20,RECENT_BIOINSPIRED,Unimodal,OPA,SHAP-CF,30,51.93817741292037,54.41596968214347,1.7356393615076025,17.55319979149499,44970.0,2559,21
20,RECENT_BIOINSPIRED,Unimodal,OPA,Standard,30,62.061903425025626,59.664710378852334,1.7755675027400568,17.544724791005137,0.0,0,0
20,RECENT_BIOINSPIRED,Unimodal,SBOA,ACME-CF,30,7.016306837058505,2.6100576408778977,0.41656838028414384,16.980221458499727,61350.0,2362,80
20,RECENT_BIOINSPIRED,Unimodal,SBOA,IBREAKDOWN-CF,30,31.367989808354135,25.55334765610806,1.407432537904028,16.99869629150635,45900.0,2464,338
20,RECENT_BIOINSPIRED,Unimodal,SBOA,LIME-CF,30,15.639542854180993,9.764120522964532,0.9847663474101875,16.92762933349877,57960.0,2375,175
20,RECENT_BIOINSPIRED,Unimodal,SBOA,SHAP-CF,30,23.16467399445766,23.370914289854625,1.3682956740564123,17.03638743749616,46260.0,2486,355
20,RECENT_BIOINSPIRED,Unimodal,SBOA,Standard,30,40.364642984255326,42.1654132079056,1.6249505985469987,16.981980124503025,0.0,0,0
